precision,recall,f1,number,category,fold,epoch,label_type,data_sample,model_type,accuracy,steps
0.07633587786259542,0.3125,0.12269938650306748,32.0,BEHÖRDE,0,0.1,English,v1,Large,,0
0.07633587786259542,0.3125,0.12269938650306748,32.0,BEHÖRDE,0,0.2,English,v1,Large,,1
0.061068702290076333,0.3333333333333333,0.1032258064516129,24.0,BEHÖRDE,0,0.3,English,v1,Large,,2
0.04580152671755725,0.3333333333333333,0.08053691275167785,18.0,BEHÖRDE,0,0.4,English,v1,Large,,3
0.07633587786259542,0.2702702702702703,0.11904761904761904,37.0,BEHÖRDE,0,0.5,English,v1,Large,,4
0.07633587786259542,0.3333333333333333,0.12422360248447205,30.0,BEHÖRDE,0,0.6,English,v1,Large,,5
0.03816793893129771,0.3125,0.06802721088435375,16.0,BEHÖRDE,0,0.7,English,v1,Large,,6
0.11450381679389313,0.39473684210526316,0.1775147928994083,38.0,BEHÖRDE,0,0.8,English,v1,Large,,7
0.1297709923664122,0.4146341463414634,0.19767441860465113,41.0,BEHÖRDE,0,0.9,English,v1,Large,,8
0.05343511450381679,0.22580645161290322,0.08641975308641975,31.0,BEHÖRDE,0,1.0,English,v1,Large,,9
0.04580152671755725,0.3333333333333333,0.08053691275167785,18.0,BEHÖRDE,0,1.1,English,v1,Large,,10
0.04580152671755725,0.2727272727272727,0.0784313725490196,22.0,BEHÖRDE,0,1.2,English,v1,Large,,11
0.04580152671755725,0.2857142857142857,0.07894736842105263,21.0,BEHÖRDE,0,1.3,English,v1,Large,,12
0.04580152671755725,0.2222222222222222,0.07594936708860758,27.0,BEHÖRDE,0,1.4,English,v1,Large,,13
0.04580152671755725,0.3333333333333333,0.08053691275167785,18.0,BEHÖRDE,0,1.5,English,v1,Large,,14
0.04580152671755725,0.3157894736842105,0.08,19.0,BEHÖRDE,0,1.6,English,v1,Large,,15
0.09923664122137404,0.35135135135135137,0.15476190476190477,37.0,BEHÖRDE,0,1.7,English,v1,Large,,16
0.04580152671755725,0.35294117647058826,0.08108108108108107,17.0,BEHÖRDE,0,1.8,English,v1,Large,,17
0.04580152671755725,0.35294117647058826,0.08108108108108107,17.0,BEHÖRDE,0,1.9,English,v1,Large,,18
0.04580152671755725,0.35294117647058826,0.08108108108108107,17.0,BEHÖRDE,0,2.0,English,v1,Large,,19
0.04580152671755725,0.35294117647058826,0.08108108108108107,17.0,BEHÖRDE,0,2.1,English,v1,Large,,20
0.04580152671755725,0.3157894736842105,0.08,19.0,BEHÖRDE,0,2.2,English,v1,Large,,21
0.061068702290076333,0.3076923076923077,0.1019108280254777,26.0,BEHÖRDE,0,2.3,English,v1,Large,,22
0.05343511450381679,0.3181818181818182,0.0915032679738562,22.0,BEHÖRDE,0,2.4,English,v1,Large,,23
0.08396946564885496,0.34375,0.13496932515337423,32.0,BEHÖRDE,0,2.5,English,v1,Large,,24
0.061068702290076333,0.2962962962962963,0.10126582278481013,27.0,BEHÖRDE,0,2.6,English,v1,Large,,25
0.05343511450381679,0.28,0.08974358974358974,25.0,BEHÖRDE,0,2.7,English,v1,Large,,26
0.05343511450381679,0.3333333333333333,0.09210526315789475,21.0,BEHÖRDE,0,2.8,English,v1,Large,,27
0.05343511450381679,0.35,0.09271523178807947,20.0,BEHÖRDE,0,2.9,English,v1,Large,,28
0.05343511450381679,0.3684210526315789,0.09333333333333334,19.0,BEHÖRDE,0,3.0,English,v1,Large,,29
0.05343511450381679,0.3684210526315789,0.09333333333333334,19.0,BEHÖRDE,0,3.1,English,v1,Large,,30
0.05343511450381679,0.3684210526315789,0.09333333333333334,19.0,BEHÖRDE,0,3.2,English,v1,Large,,31
0.08396946564885496,0.3548387096774194,0.13580246913580246,31.0,BEHÖRDE,0,3.3,English,v1,Large,,32
0.061068702290076333,0.2962962962962963,0.10126582278481013,27.0,BEHÖRDE,0,3.4,English,v1,Large,,33
0.061068702290076333,0.3076923076923077,0.1019108280254777,26.0,BEHÖRDE,0,3.5,English,v1,Large,,34
0.061068702290076333,0.3076923076923077,0.1019108280254777,26.0,BEHÖRDE,0,3.6,English,v1,Large,,35
0.061068702290076333,0.3076923076923077,0.1019108280254777,26.0,BEHÖRDE,0,3.7,English,v1,Large,,36
0.061068702290076333,0.3076923076923077,0.1019108280254777,26.0,BEHÖRDE,0,3.8,English,v1,Large,,37
0.061068702290076333,0.32,0.10256410256410256,25.0,BEHÖRDE,0,3.9,English,v1,Large,,38
0.05343511450381679,0.28,0.08974358974358974,25.0,BEHÖRDE,0,4.0,English,v1,Large,,39
0.0,0.0,0.0,2.0,JOURNALIST,0,0.1,English,v1,Large,,0
0.0,0.0,0.0,3.0,JOURNALIST,0,0.2,English,v1,Large,,1
0.0,0.0,0.0,3.0,JOURNALIST,0,0.3,English,v1,Large,,2
0.0,0.0,0.0,3.0,JOURNALIST,0,0.4,English,v1,Large,,3
0.0,0.0,0.0,3.0,JOURNALIST,0,0.5,English,v1,Large,,4
0.0,0.0,0.0,8.0,JOURNALIST,0,0.6,English,v1,Large,,5
0.0,0.0,0.0,5.0,JOURNALIST,0,0.7,English,v1,Large,,6
0.0,0.0,0.0,2.0,JOURNALIST,0,0.8,English,v1,Large,,7
0.0,0.0,0.0,5.0,JOURNALIST,0,0.9,English,v1,Large,,8
0.0,0.0,0.0,2.0,JOURNALIST,0,1.0,English,v1,Large,,9
0.0,0.0,0.0,2.0,JOURNALIST,0,1.1,English,v1,Large,,10
0.0,0.0,0.0,3.0,JOURNALIST,0,1.2,English,v1,Large,,11
0.0,0.0,0.0,1.0,JOURNALIST,0,1.3,English,v1,Large,,12
0.0,0.0,0.0,3.0,JOURNALIST,0,1.4,English,v1,Large,,13
0.0,0.0,0.0,4.0,JOURNALIST,0,1.5,English,v1,Large,,14
0.0,0.0,0.0,3.0,JOURNALIST,0,1.6,English,v1,Large,,15
0.0,0.0,0.0,4.0,JOURNALIST,0,1.7,English,v1,Large,,16
0.0,0.0,0.0,3.0,JOURNALIST,0,1.8,English,v1,Large,,17
0.0,0.0,0.0,2.0,JOURNALIST,0,1.9,English,v1,Large,,18
0.0,0.0,0.0,4.0,JOURNALIST,0,2.0,English,v1,Large,,19
0.0,0.0,0.0,2.0,JOURNALIST,0,2.1,English,v1,Large,,20
0.0,0.0,0.0,5.0,JOURNALIST,0,2.2,English,v1,Large,,21
0.0,0.0,0.0,2.0,JOURNALIST,0,2.3,English,v1,Large,,22
0.0,0.0,0.0,2.0,JOURNALIST,0,2.4,English,v1,Large,,23
0.0,0.0,0.0,2.0,JOURNALIST,0,2.5,English,v1,Large,,24
0.0,0.0,0.0,2.0,JOURNALIST,0,2.6,English,v1,Large,,25
0.0,0.0,0.0,2.0,JOURNALIST,0,2.7,English,v1,Large,,26
0.0,0.0,0.0,2.0,JOURNALIST,0,2.8,English,v1,Large,,27
0.0,0.0,0.0,3.0,JOURNALIST,0,2.9,English,v1,Large,,28
0.0,0.0,0.0,6.0,JOURNALIST,0,3.0,English,v1,Large,,29
0.0,0.0,0.0,3.0,JOURNALIST,0,3.1,English,v1,Large,,30
0.0,0.0,0.0,2.0,JOURNALIST,0,3.2,English,v1,Large,,31
0.0,0.0,0.0,2.0,JOURNALIST,0,3.3,English,v1,Large,,32
0.0,0.0,0.0,2.0,JOURNALIST,0,3.4,English,v1,Large,,33
0.0,0.0,0.0,2.0,JOURNALIST,0,3.5,English,v1,Large,,34
0.0,0.0,0.0,2.0,JOURNALIST,0,3.6,English,v1,Large,,35
0.0,0.0,0.0,2.0,JOURNALIST,0,3.7,English,v1,Large,,36
0.0,0.0,0.0,3.0,MEDIEN,0,0.1,English,v1,Large,,0
0.0,0.0,0.0,3.0,MEDIEN,0,0.2,English,v1,Large,,1
0.0,0.0,0.0,3.0,MEDIEN,0,0.3,English,v1,Large,,2
0.0,0.0,0.0,3.0,MEDIEN,0,0.4,English,v1,Large,,3
0.3333333333333333,0.25,0.28571428571428575,4.0,MEDIEN,0,0.5,English,v1,Large,,4
0.0,0.0,0.0,3.0,MEDIEN,0,0.6,English,v1,Large,,5
0.0,0.0,0.0,3.0,MEDIEN,0,0.7,English,v1,Large,,6
0.3333333333333333,0.25,0.28571428571428575,4.0,MEDIEN,0,0.8,English,v1,Large,,7
0.3333333333333333,0.3333333333333333,0.3333333333333333,3.0,MEDIEN,0,0.9,English,v1,Large,,8
0.0,0.0,0.0,2.0,MEDIEN,0,1.0,English,v1,Large,,9
0.0,0.0,0.0,2.0,MEDIEN,0,1.1,English,v1,Large,,10
0.0,0.0,0.0,7.0,MEDIEN,0,1.2,English,v1,Large,,11
0.0,0.0,0.0,4.0,MEDIEN,0,1.3,English,v1,Large,,12
0.0,0.0,0.0,3.0,MEDIEN,0,1.4,English,v1,Large,,13
0.0,0.0,0.0,4.0,MEDIEN,0,1.5,English,v1,Large,,14
0.0,0.0,0.0,3.0,MEDIEN,0,1.6,English,v1,Large,,15
0.3333333333333333,0.14285714285714285,0.2,7.0,MEDIEN,0,1.7,English,v1,Large,,16
0.0,0.0,0.0,3.0,MEDIEN,0,1.8,English,v1,Large,,17
0.0,0.0,0.0,3.0,MEDIEN,0,1.9,English,v1,Large,,18
0.0,0.0,0.0,2.0,MEDIEN,0,2.0,English,v1,Large,,19
0.0,0.0,0.0,2.0,MEDIEN,0,2.1,English,v1,Large,,20
0.0,0.0,0.0,2.0,MEDIEN,0,2.2,English,v1,Large,,21
0.0,0.0,0.0,3.0,MEDIEN,0,2.3,English,v1,Large,,22
0.0,0.0,0.0,2.0,MEDIEN,0,2.4,English,v1,Large,,23
0.3333333333333333,0.25,0.28571428571428575,4.0,MEDIEN,0,2.5,English,v1,Large,,24
0.0,0.0,0.0,3.0,MEDIEN,0,2.6,English,v1,Large,,25
0.0,0.0,0.0,2.0,MEDIEN,0,2.7,English,v1,Large,,26
0.0,0.0,0.0,2.0,MEDIEN,0,2.8,English,v1,Large,,27
0.0,0.0,0.0,2.0,MEDIEN,0,2.9,English,v1,Large,,28
0.0,0.0,0.0,2.0,MEDIEN,0,3.0,English,v1,Large,,29
0.0,0.0,0.0,2.0,MEDIEN,0,3.1,English,v1,Large,,30
0.0,0.0,0.0,2.0,MEDIEN,0,3.2,English,v1,Large,,31
0.3333333333333333,0.2,0.25,5.0,MEDIEN,0,3.3,English,v1,Large,,32
0.3333333333333333,0.3333333333333333,0.3333333333333333,3.0,MEDIEN,0,3.4,English,v1,Large,,33
0.3333333333333333,0.3333333333333333,0.3333333333333333,3.0,MEDIEN,0,3.5,English,v1,Large,,34
0.3333333333333333,0.3333333333333333,0.3333333333333333,3.0,MEDIEN,0,3.6,English,v1,Large,,35
0.3333333333333333,0.3333333333333333,0.3333333333333333,3.0,MEDIEN,0,3.7,English,v1,Large,,36
0.3333333333333333,0.3333333333333333,0.3333333333333333,3.0,MEDIEN,0,3.8,English,v1,Large,,37
0.0,0.0,0.0,3.0,MEDIEN,0,3.9,English,v1,Large,,38
0.0,0.0,0.0,3.0,MEDIEN,0,4.0,English,v1,Large,,39
0.24390243902439024,0.3333333333333333,0.28169014084507044,30.0,PARTEI,0,0.1,English,v1,Large,,0
0.0975609756097561,0.26666666666666666,0.14285714285714285,15.0,PARTEI,0,0.2,English,v1,Large,,1
0.1951219512195122,0.3076923076923077,0.23880597014925378,26.0,PARTEI,0,0.3,English,v1,Large,,2
0.0975609756097561,0.25,0.14035087719298248,16.0,PARTEI,0,0.4,English,v1,Large,,3
0.12195121951219512,0.3333333333333333,0.17857142857142858,15.0,PARTEI,0,0.5,English,v1,Large,,4
0.21951219512195122,0.5,0.3050847457627119,18.0,PARTEI,0,0.6,English,v1,Large,,5
0.04878048780487805,1.0,0.09302325581395349,2.0,PARTEI,0,0.7,English,v1,Large,,6
0.2926829268292683,0.5454545454545454,0.3809523809523809,22.0,PARTEI,0,0.8,English,v1,Large,,7
0.2926829268292683,0.5714285714285714,0.3870967741935484,21.0,PARTEI,0,0.9,English,v1,Large,,8
0.24390243902439024,0.45454545454545453,0.31746031746031744,22.0,PARTEI,0,1.0,English,v1,Large,,9
0.07317073170731707,0.2,0.10714285714285712,15.0,PARTEI,0,1.1,English,v1,Large,,10
0.21951219512195122,0.5,0.3050847457627119,18.0,PARTEI,0,1.2,English,v1,Large,,11
0.17073170731707318,0.4117647058823529,0.24137931034482757,17.0,PARTEI,0,1.3,English,v1,Large,,12
0.21951219512195122,0.5,0.3050847457627119,18.0,PARTEI,0,1.4,English,v1,Large,,13
0.17073170731707318,0.5,0.2545454545454546,14.0,PARTEI,0,1.5,English,v1,Large,,14
0.21951219512195122,0.5625,0.3157894736842105,16.0,PARTEI,0,1.6,English,v1,Large,,15
0.34146341463414637,0.5384615384615384,0.41791044776119407,26.0,PARTEI,0,1.7,English,v1,Large,,16
0.17073170731707318,0.4666666666666667,0.25,15.0,PARTEI,0,1.8,English,v1,Large,,17
0.17073170731707318,0.5,0.2545454545454546,14.0,PARTEI,0,1.9,English,v1,Large,,18
0.17073170731707318,0.4375,0.2456140350877193,16.0,PARTEI,0,2.0,English,v1,Large,,19
0.14634146341463414,0.42857142857142855,0.2181818181818182,14.0,PARTEI,0,2.1,English,v1,Large,,20
0.17073170731707318,0.4375,0.2456140350877193,16.0,PARTEI,0,2.2,English,v1,Large,,21
0.1951219512195122,0.5333333333333333,0.2857142857142857,15.0,PARTEI,0,2.3,English,v1,Large,,22
0.17073170731707318,0.4666666666666667,0.25,15.0,PARTEI,0,2.4,English,v1,Large,,23
0.36585365853658536,0.5769230769230769,0.44776119402985076,26.0,PARTEI,0,2.5,English,v1,Large,,24
0.21951219512195122,0.45,0.29508196721311475,20.0,PARTEI,0,2.6,English,v1,Large,,25
0.21951219512195122,0.5,0.3050847457627119,18.0,PARTEI,0,2.7,English,v1,Large,,26
0.21951219512195122,0.5625,0.3157894736842105,16.0,PARTEI,0,2.8,English,v1,Large,,27
0.17073170731707318,0.4375,0.2456140350877193,16.0,PARTEI,0,2.9,English,v1,Large,,28
0.17073170731707318,0.4666666666666667,0.25,15.0,PARTEI,0,3.0,English,v1,Large,,29
0.17073170731707318,0.4666666666666667,0.25,15.0,PARTEI,0,3.1,English,v1,Large,,30
0.17073170731707318,0.4375,0.2456140350877193,16.0,PARTEI,0,3.2,English,v1,Large,,31
0.3902439024390244,0.5714285714285714,0.463768115942029,28.0,PARTEI,0,3.3,English,v1,Large,,32
0.24390243902439024,0.5,0.32786885245901637,20.0,PARTEI,0,3.4,English,v1,Large,,33
0.21951219512195122,0.47368421052631576,0.3,19.0,PARTEI,0,3.5,English,v1,Large,,34
0.21951219512195122,0.47368421052631576,0.3,19.0,PARTEI,0,3.6,English,v1,Large,,35
0.21951219512195122,0.47368421052631576,0.3,19.0,PARTEI,0,3.7,English,v1,Large,,36
0.21951219512195122,0.47368421052631576,0.3,19.0,PARTEI,0,3.8,English,v1,Large,,37
0.21951219512195122,0.47368421052631576,0.3,19.0,PARTEI,0,3.9,English,v1,Large,,38
0.21951219512195122,0.47368421052631576,0.3,19.0,PARTEI,0,4.0,English,v1,Large,,39
0.10702341137123746,0.45714285714285713,0.17344173441734417,70.0,POLITIKER,0,0.1,English,v1,Large,,0
0.10367892976588629,0.4246575342465753,0.16666666666666666,73.0,POLITIKER,0,0.2,English,v1,Large,,1
0.19063545150501673,0.5089285714285714,0.2773722627737226,112.0,POLITIKER,0,0.3,English,v1,Large,,2
0.11705685618729098,0.4794520547945205,0.1881720430107527,73.0,POLITIKER,0,0.4,English,v1,Large,,3
0.14046822742474915,0.6666666666666666,0.23204419889502761,63.0,POLITIKER,0,0.5,English,v1,Large,,4
0.11705685618729098,0.603448275862069,0.19607843137254902,58.0,POLITIKER,0,0.6,English,v1,Large,,5
0.11036789297658862,0.673469387755102,0.1896551724137931,49.0,POLITIKER,0,0.7,English,v1,Large,,6
0.14046822742474915,0.5915492957746479,0.227027027027027,71.0,POLITIKER,0,0.8,English,v1,Large,,7
0.16722408026755853,0.5813953488372093,0.2597402597402597,86.0,POLITIKER,0,0.9,English,v1,Large,,8
0.0802675585284281,0.6,0.1415929203539823,40.0,POLITIKER,0,1.0,English,v1,Large,,9
0.15719063545150502,0.5595238095238095,0.2454308093994778,84.0,POLITIKER,0,1.1,English,v1,Large,,10
0.15719063545150502,0.6438356164383562,0.25268817204301075,73.0,POLITIKER,0,1.2,English,v1,Large,,11
0.13043478260869565,0.6290322580645161,0.21606648199445982,62.0,POLITIKER,0,1.3,English,v1,Large,,12
0.13377926421404682,0.6779661016949152,0.22346368715083798,59.0,POLITIKER,0,1.4,English,v1,Large,,13
0.11036789297658862,0.6470588235294118,0.18857142857142853,51.0,POLITIKER,0,1.5,English,v1,Large,,14
0.10702341137123746,0.64,0.1833810888252149,50.0,POLITIKER,0,1.6,English,v1,Large,,15
0.1605351170568562,0.5925925925925926,0.25263157894736843,81.0,POLITIKER,0,1.7,English,v1,Large,,16
0.10702341137123746,0.6274509803921569,0.18285714285714283,51.0,POLITIKER,0,1.8,English,v1,Large,,17
0.10033444816053512,0.6521739130434783,0.17391304347826086,46.0,POLITIKER,0,1.9,English,v1,Large,,18
0.11371237458193979,0.6071428571428571,0.19154929577464788,56.0,POLITIKER,0,2.0,English,v1,Large,,19
0.10367892976588629,0.7560975609756098,0.18235294117647058,41.0,POLITIKER,0,2.1,English,v1,Large,,20
0.09698996655518395,0.6304347826086957,0.1681159420289855,46.0,POLITIKER,0,2.2,English,v1,Large,,21
0.11371237458193979,0.6538461538461539,0.19373219373219372,52.0,POLITIKER,0,2.3,English,v1,Large,,22
0.10033444816053512,0.6666666666666666,0.1744186046511628,45.0,POLITIKER,0,2.4,English,v1,Large,,23
0.15719063545150502,0.6266666666666667,0.25133689839572193,75.0,POLITIKER,0,2.5,English,v1,Large,,24
0.11371237458193979,0.6181818181818182,0.19209039548022597,55.0,POLITIKER,0,2.6,English,v1,Large,,25
0.10367892976588629,0.6326530612244898,0.1781609195402299,49.0,POLITIKER,0,2.7,English,v1,Large,,26
0.10367892976588629,0.6458333333333334,0.1786743515850144,48.0,POLITIKER,0,2.8,English,v1,Large,,27
0.10367892976588629,0.6888888888888889,0.18023255813953487,45.0,POLITIKER,0,2.9,English,v1,Large,,28
0.09698996655518395,0.7073170731707317,0.17058823529411762,41.0,POLITIKER,0,3.0,English,v1,Large,,29
0.10033444816053512,0.7142857142857143,0.1759530791788856,42.0,POLITIKER,0,3.1,English,v1,Large,,30
0.10033444816053512,0.6382978723404256,0.17341040462427743,47.0,POLITIKER,0,3.2,English,v1,Large,,31
0.1605351170568562,0.64,0.25668449197860965,75.0,POLITIKER,0,3.3,English,v1,Large,,32
0.12040133779264214,0.6206896551724138,0.20168067226890754,58.0,POLITIKER,0,3.4,English,v1,Large,,33
0.11705685618729098,0.6140350877192983,0.19662921348314605,57.0,POLITIKER,0,3.5,English,v1,Large,,34
0.11371237458193979,0.6415094339622641,0.19318181818181815,53.0,POLITIKER,0,3.6,English,v1,Large,,35
0.11371237458193979,0.6538461538461539,0.19373219373219372,52.0,POLITIKER,0,3.7,English,v1,Large,,36
0.11371237458193979,0.6666666666666666,0.19428571428571426,51.0,POLITIKER,0,3.8,English,v1,Large,,37
0.11036789297658862,0.66,0.18911174785100285,50.0,POLITIKER,0,3.9,English,v1,Large,,38
0.10702341137123746,0.6530612244897959,0.18390804597701146,49.0,POLITIKER,0,4.0,English,v1,Large,,39
0.10970464135021098,0.3795620437956204,0.17021276595744683,,OVERALL,0,0.1,English,v1,Large,0.9276958882854927,0
0.0949367088607595,0.36585365853658536,0.15075376884422112,,OVERALL,0,0.2,English,v1,Large,0.9241272304111714,1
0.1540084388185654,0.43452380952380953,0.22741433021806856,,OVERALL,0,0.3,English,v1,Large,0.930100853374709,2
0.0949367088607595,0.4090909090909091,0.1541095890410959,,OVERALL,0,0.4,English,v1,Large,0.9238169123351435,3
0.12236286919831224,0.48739495798319327,0.19561551433389546,,OVERALL,0,0.5,English,v1,Large,0.9253685027152831,4
0.11392405063291139,0.48214285714285715,0.18430034129692832,,OVERALL,0,0.6,English,v1,Large,0.9245927075252134,5
0.08438818565400844,0.547945205479452,0.14625228519195613,,OVERALL,0,0.7,English,v1,Large,0.9204034134988363,6
0.14767932489451477,0.5072463768115942,0.22875816993464054,,OVERALL,0,0.8,English,v1,Large,0.9283941039565554,7
0.16877637130801687,0.5031446540880503,0.2527646129541864,,OVERALL,0,0.9,English,v1,Large,0.9290147401086113,8
0.08649789029535865,0.41,0.14285714285714285,,OVERALL,0,1.0,English,v1,Large,0.921489526764934,9
0.11814345991561181,0.4628099173553719,0.18823529411764706,,OVERALL,0,1.1,English,v1,Large,0.925833979829325,10
0.1308016877637131,0.496,0.20701168614357265,,OVERALL,0,1.2,English,v1,Large,0.9256012412723041,11
0.10970464135021098,0.49056603773584906,0.17931034482758623,,OVERALL,0,1.3,English,v1,Large,0.9247478665632273,12
0.1160337552742616,0.5045871559633027,0.18867924528301885,,OVERALL,0,1.4,English,v1,Large,0.9249030256012413,13
0.0970464135021097,0.5111111111111111,0.1631205673758865,,OVERALL,0,1.5,English,v1,Large,0.9224204809930179,14
0.09915611814345991,0.5280898876404494,0.1669626998223801,,OVERALL,0,1.6,English,v1,Large,0.9229635376260668,15
0.16033755274261605,0.4935064935064935,0.24203821656050958,,OVERALL,0,1.7,English,v1,Large,0.9272304111714508,16
0.0949367088607595,0.5,0.15957446808510636,,OVERALL,0,1.8,English,v1,Large,0.921644685802948,17
0.09071729957805907,0.5180722891566265,0.15439856373429084,,OVERALL,0,1.9,English,v1,Large,0.9210240496508921,18
0.09915611814345991,0.49473684210526314,0.16520210896309315,,OVERALL,0,2.0,English,v1,Large,0.921955003878976,19
0.09071729957805907,0.5584415584415584,0.1560798548094374,,OVERALL,0,2.1,English,v1,Large,0.9211016291698991,20
0.08860759493670886,0.49411764705882355,0.15026833631484796,,OVERALL,0,2.2,English,v1,Large,0.9209464701318851,21
0.10548523206751055,0.5,0.17421602787456444,,OVERALL,0,2.3,English,v1,Large,0.921644685802948,22
0.09282700421940929,0.5116279069767442,0.15714285714285717,,OVERALL,0,2.4,English,v1,Large,0.9209464701318851,23
0.15611814345991562,0.5211267605633803,0.24025974025974028,,OVERALL,0,2.5,English,v1,Large,0.9263770364623739,24
0.10759493670886076,0.4766355140186916,0.1755593803786575,,OVERALL,0,2.6,English,v1,Large,0.9228083785880528,25
0.09915611814345991,0.4895833333333333,0.1649122807017544,,OVERALL,0,2.7,English,v1,Large,0.9221101629169899,26
0.09915611814345991,0.5280898876404494,0.1669626998223801,,OVERALL,0,2.8,English,v1,Large,0.921877424359969,27
0.0949367088607595,0.5294117647058824,0.16100178890876568,,OVERALL,0,2.9,English,v1,Large,0.9212567882079131,28
0.09071729957805907,0.5443037974683544,0.15551537070524413,,OVERALL,0,3.0,English,v1,Large,0.9208688906128782,29
0.09282700421940929,0.55,0.1588447653429603,,OVERALL,0,3.1,English,v1,Large,0.9208688906128782,30
0.09282700421940929,0.5057471264367817,0.1568627450980392,,OVERALL,0,3.2,English,v1,Large,0.9210240496508921,31
0.16033755274261605,0.5241379310344828,0.2455573505654281,,OVERALL,0,3.3,English,v1,Large,0.9269976726144298,32
0.1160337552742616,0.4954954954954955,0.18803418803418803,,OVERALL,0,3.4,English,v1,Large,0.9233514352211016,33
0.11181434599156118,0.4953271028037383,0.18244406196213422,,OVERALL,0,3.5,English,v1,Large,0.9231186966640806,34
0.10970464135021098,0.5048543689320388,0.18024263431542462,,OVERALL,0,3.6,English,v1,Large,0.9230411171450738,35
0.10970464135021098,0.5098039215686274,0.18055555555555555,,OVERALL,0,3.7,English,v1,Large,0.9228083785880528,36
0.10970464135021098,0.5148514851485149,0.1808695652173913,,OVERALL,0,3.8,English,v1,Large,0.9227307990690458,37
0.10548523206751055,0.5050505050505051,0.17452006980802792,,OVERALL,0,3.9,English,v1,Large,0.9226532195500388,38
0.10126582278481013,0.4897959183673469,0.16783216783216784,,OVERALL,0,4.0,English,v1,Large,0.9224204809930179,39
0.10687022900763359,0.5185185185185185,0.17721518987341772,27.0,BEHÖRDE,1,0.1,English,v1,Large,,0
0.03816793893129771,0.21739130434782608,0.06493506493506494,23.0,BEHÖRDE,1,0.2,English,v1,Large,,1
0.061068702290076333,0.3333333333333333,0.1032258064516129,24.0,BEHÖRDE,1,0.3,English,v1,Large,,2
0.03816793893129771,0.2777777777777778,0.06711409395973154,18.0,BEHÖRDE,1,0.4,English,v1,Large,,3
0.04580152671755725,0.3,0.07947019867549668,20.0,BEHÖRDE,1,0.5,English,v1,Large,,4
0.022900763358778626,0.5,0.0437956204379562,6.0,BEHÖRDE,1,0.6,English,v1,Large,,5
0.022900763358778626,0.2727272727272727,0.04225352112676057,11.0,BEHÖRDE,1,0.7,English,v1,Large,,6
0.06870229007633588,0.2647058823529412,0.10909090909090909,34.0,BEHÖRDE,1,0.8,English,v1,Large,,7
0.061068702290076333,0.3333333333333333,0.1032258064516129,24.0,BEHÖRDE,1,0.9,English,v1,Large,,8
0.03816793893129771,0.29411764705882354,0.06756756756756757,17.0,BEHÖRDE,1,1.0,English,v1,Large,,9
0.015267175572519083,0.4,0.02941176470588235,5.0,BEHÖRDE,1,1.1,English,v1,Large,,10
0.04580152671755725,0.46153846153846156,0.08333333333333334,13.0,BEHÖRDE,1,1.2,English,v1,Large,,11
0.022900763358778626,0.3,0.04255319148936171,10.0,BEHÖRDE,1,1.3,English,v1,Large,,12
0.022900763358778626,0.42857142857142855,0.04347826086956522,7.0,BEHÖRDE,1,1.4,English,v1,Large,,13
0.022900763358778626,0.42857142857142855,0.04347826086956522,7.0,BEHÖRDE,1,1.5,English,v1,Large,,14
0.022900763358778626,0.375,0.04316546762589928,8.0,BEHÖRDE,1,1.6,English,v1,Large,,15
0.05343511450381679,0.3181818181818182,0.0915032679738562,22.0,BEHÖRDE,1,1.7,English,v1,Large,,16
0.022900763358778626,0.42857142857142855,0.04347826086956522,7.0,BEHÖRDE,1,1.8,English,v1,Large,,17
0.022900763358778626,0.42857142857142855,0.04347826086956522,7.0,BEHÖRDE,1,1.9,English,v1,Large,,18
0.022900763358778626,0.375,0.04316546762589928,8.0,BEHÖRDE,1,2.0,English,v1,Large,,19
0.022900763358778626,0.42857142857142855,0.04347826086956522,7.0,BEHÖRDE,1,2.1,English,v1,Large,,20
0.022900763358778626,0.375,0.04316546762589928,8.0,BEHÖRDE,1,2.2,English,v1,Large,,21
0.022900763358778626,0.375,0.04316546762589928,8.0,BEHÖRDE,1,2.3,English,v1,Large,,22
0.022900763358778626,0.42857142857142855,0.04347826086956522,7.0,BEHÖRDE,1,2.4,English,v1,Large,,23
0.03816793893129771,0.3125,0.06802721088435375,16.0,BEHÖRDE,1,2.5,English,v1,Large,,24
0.030534351145038167,0.3333333333333333,0.055944055944055944,12.0,BEHÖRDE,1,2.6,English,v1,Large,,25
0.022900763358778626,0.375,0.04316546762589928,8.0,BEHÖRDE,1,2.7,English,v1,Large,,26
0.022900763358778626,0.375,0.04316546762589928,8.0,BEHÖRDE,1,2.8,English,v1,Large,,27
0.022900763358778626,0.375,0.04316546762589928,8.0,BEHÖRDE,1,2.9,English,v1,Large,,28
0.022900763358778626,0.375,0.04316546762589928,8.0,BEHÖRDE,1,3.0,English,v1,Large,,29
0.022900763358778626,0.375,0.04316546762589928,8.0,BEHÖRDE,1,3.1,English,v1,Large,,30
0.022900763358778626,0.375,0.04316546762589928,8.0,BEHÖRDE,1,3.2,English,v1,Large,,31
0.05343511450381679,0.4117647058823529,0.0945945945945946,17.0,BEHÖRDE,1,3.3,English,v1,Large,,32
0.030534351145038167,0.3333333333333333,0.055944055944055944,12.0,BEHÖRDE,1,3.4,English,v1,Large,,33
0.030534351145038167,0.3333333333333333,0.055944055944055944,12.0,BEHÖRDE,1,3.5,English,v1,Large,,34
0.030534351145038167,0.3333333333333333,0.055944055944055944,12.0,BEHÖRDE,1,3.6,English,v1,Large,,35
0.030534351145038167,0.3333333333333333,0.055944055944055944,12.0,BEHÖRDE,1,3.7,English,v1,Large,,36
0.022900763358778626,0.3,0.04255319148936171,10.0,BEHÖRDE,1,3.8,English,v1,Large,,37
0.022900763358778626,0.3,0.04255319148936171,10.0,BEHÖRDE,1,3.9,English,v1,Large,,38
0.022900763358778626,0.3,0.04255319148936171,10.0,BEHÖRDE,1,4.0,English,v1,Large,,39
0.0,0.0,0.0,2.0,JOURNALIST,1,0.1,English,v1,Large,,0
0.0,0.0,0.0,3.0,JOURNALIST,1,0.2,English,v1,Large,,1
0.0,0.0,0.0,2.0,JOURNALIST,1,0.3,English,v1,Large,,2
0.0,0.0,0.0,1.0,JOURNALIST,1,0.4,English,v1,Large,,3
0.0,0.0,0.0,3.0,MEDIEN,1,0.1,English,v1,Large,,0
0.0,0.0,0.0,3.0,MEDIEN,1,0.2,English,v1,Large,,1
0.0,0.0,0.0,4.0,MEDIEN,1,0.3,English,v1,Large,,2
0.3333333333333333,0.3333333333333333,0.3333333333333333,3.0,MEDIEN,1,0.4,English,v1,Large,,3
0.3333333333333333,0.3333333333333333,0.3333333333333333,3.0,MEDIEN,1,0.5,English,v1,Large,,4
0.3333333333333333,0.3333333333333333,0.3333333333333333,3.0,MEDIEN,1,0.6,English,v1,Large,,5
0.3333333333333333,0.3333333333333333,0.3333333333333333,3.0,MEDIEN,1,0.7,English,v1,Large,,6
0.3333333333333333,0.3333333333333333,0.3333333333333333,3.0,MEDIEN,1,0.8,English,v1,Large,,7
0.3333333333333333,0.25,0.28571428571428575,4.0,MEDIEN,1,0.9,English,v1,Large,,8
0.3333333333333333,0.25,0.28571428571428575,4.0,MEDIEN,1,1.0,English,v1,Large,,9
0.3333333333333333,0.25,0.28571428571428575,4.0,MEDIEN,1,1.1,English,v1,Large,,10
0.3333333333333333,0.3333333333333333,0.3333333333333333,3.0,MEDIEN,1,1.2,English,v1,Large,,11
0.3333333333333333,0.3333333333333333,0.3333333333333333,3.0,MEDIEN,1,1.3,English,v1,Large,,12
0.3333333333333333,0.3333333333333333,0.3333333333333333,3.0,MEDIEN,1,1.4,English,v1,Large,,13
0.3333333333333333,0.25,0.28571428571428575,4.0,MEDIEN,1,1.5,English,v1,Large,,14
0.3333333333333333,0.3333333333333333,0.3333333333333333,3.0,MEDIEN,1,1.6,English,v1,Large,,15
0.3333333333333333,0.3333333333333333,0.3333333333333333,3.0,MEDIEN,1,1.7,English,v1,Large,,16
0.3333333333333333,0.3333333333333333,0.3333333333333333,3.0,MEDIEN,1,1.8,English,v1,Large,,17
0.3333333333333333,0.3333333333333333,0.3333333333333333,3.0,MEDIEN,1,1.9,English,v1,Large,,18
0.3333333333333333,0.25,0.28571428571428575,4.0,MEDIEN,1,2.0,English,v1,Large,,19
0.3333333333333333,0.3333333333333333,0.3333333333333333,3.0,MEDIEN,1,2.1,English,v1,Large,,20
0.3333333333333333,0.5,0.4,2.0,MEDIEN,1,2.2,English,v1,Large,,21
0.3333333333333333,0.5,0.4,2.0,MEDIEN,1,2.3,English,v1,Large,,22
0.3333333333333333,0.5,0.4,2.0,MEDIEN,1,2.4,English,v1,Large,,23
0.3333333333333333,0.25,0.28571428571428575,4.0,MEDIEN,1,2.5,English,v1,Large,,24
0.3333333333333333,0.3333333333333333,0.3333333333333333,3.0,MEDIEN,1,2.6,English,v1,Large,,25
0.3333333333333333,0.5,0.4,2.0,MEDIEN,1,2.7,English,v1,Large,,26
0.3333333333333333,0.5,0.4,2.0,MEDIEN,1,2.8,English,v1,Large,,27
0.3333333333333333,0.5,0.4,2.0,MEDIEN,1,2.9,English,v1,Large,,28
0.3333333333333333,0.5,0.4,2.0,MEDIEN,1,3.0,English,v1,Large,,29
0.3333333333333333,0.5,0.4,2.0,MEDIEN,1,3.1,English,v1,Large,,30
0.3333333333333333,0.5,0.4,2.0,MEDIEN,1,3.2,English,v1,Large,,31
0.3333333333333333,0.25,0.28571428571428575,4.0,MEDIEN,1,3.3,English,v1,Large,,32
0.3333333333333333,0.3333333333333333,0.3333333333333333,3.0,MEDIEN,1,3.4,English,v1,Large,,33
0.3333333333333333,0.3333333333333333,0.3333333333333333,3.0,MEDIEN,1,3.5,English,v1,Large,,34
0.3333333333333333,0.3333333333333333,0.3333333333333333,3.0,MEDIEN,1,3.6,English,v1,Large,,35
0.3333333333333333,0.3333333333333333,0.3333333333333333,3.0,MEDIEN,1,3.7,English,v1,Large,,36
0.3333333333333333,0.3333333333333333,0.3333333333333333,3.0,MEDIEN,1,3.8,English,v1,Large,,37
0.3333333333333333,0.3333333333333333,0.3333333333333333,3.0,MEDIEN,1,3.9,English,v1,Large,,38
0.3333333333333333,0.3333333333333333,0.3333333333333333,3.0,MEDIEN,1,4.0,English,v1,Large,,39
0.34146341463414637,0.4375,0.3835616438356165,32.0,PARTEI,1,0.1,English,v1,Large,,0
0.17073170731707318,0.4666666666666667,0.25,15.0,PARTEI,1,0.2,English,v1,Large,,1
0.24390243902439024,0.47619047619047616,0.3225806451612903,21.0,PARTEI,1,0.3,English,v1,Large,,2
0.1951219512195122,0.42105263157894735,0.26666666666666666,19.0,PARTEI,1,0.4,English,v1,Large,,3
0.21951219512195122,0.6,0.32142857142857145,15.0,PARTEI,1,0.5,English,v1,Large,,4
0.12195121951219512,0.4166666666666667,0.18867924528301888,12.0,PARTEI,1,0.6,English,v1,Large,,5
0.1951219512195122,0.47058823529411764,0.27586206896551724,17.0,PARTEI,1,0.7,English,v1,Large,,6
0.34146341463414637,0.45161290322580644,0.3888888888888889,31.0,PARTEI,1,0.8,English,v1,Large,,7
0.2682926829268293,0.5789473684210527,0.36666666666666664,19.0,PARTEI,1,0.9,English,v1,Large,,8
0.2682926829268293,0.4782608695652174,0.34375000000000006,23.0,PARTEI,1,1.0,English,v1,Large,,9
0.17073170731707318,0.4666666666666667,0.25,15.0,PARTEI,1,1.1,English,v1,Large,,10
0.17073170731707318,0.35,0.22950819672131145,20.0,PARTEI,1,1.2,English,v1,Large,,11
0.1951219512195122,0.36363636363636365,0.25396825396825395,22.0,PARTEI,1,1.3,English,v1,Large,,12
0.14634146341463414,0.35294117647058826,0.20689655172413793,17.0,PARTEI,1,1.4,English,v1,Large,,13
0.1951219512195122,0.4444444444444444,0.27118644067796616,18.0,PARTEI,1,1.5,English,v1,Large,,14
0.17073170731707318,0.3888888888888889,0.23728813559322035,18.0,PARTEI,1,1.6,English,v1,Large,,15
0.4146341463414634,0.5151515151515151,0.4594594594594595,33.0,PARTEI,1,1.7,English,v1,Large,,16
0.17073170731707318,0.3684210526315789,0.23333333333333336,19.0,PARTEI,1,1.8,English,v1,Large,,17
0.17073170731707318,0.3888888888888889,0.23728813559322035,18.0,PARTEI,1,1.9,English,v1,Large,,18
0.17073170731707318,0.35,0.22950819672131145,20.0,PARTEI,1,2.0,English,v1,Large,,19
0.14634146341463414,0.3,0.19672131147540983,20.0,PARTEI,1,2.1,English,v1,Large,,20
0.17073170731707318,0.4117647058823529,0.24137931034482757,17.0,PARTEI,1,2.2,English,v1,Large,,21
0.17073170731707318,0.4666666666666667,0.25,15.0,PARTEI,1,2.3,English,v1,Large,,22
0.17073170731707318,0.4117647058823529,0.24137931034482757,17.0,PARTEI,1,2.4,English,v1,Large,,23
0.36585365853658536,0.46875,0.410958904109589,32.0,PARTEI,1,2.5,English,v1,Large,,24
0.2926829268292683,0.48,0.3636363636363636,25.0,PARTEI,1,2.6,English,v1,Large,,25
0.2682926829268293,0.4782608695652174,0.34375000000000006,23.0,PARTEI,1,2.7,English,v1,Large,,26
0.24390243902439024,0.47619047619047616,0.3225806451612903,21.0,PARTEI,1,2.8,English,v1,Large,,27
0.21951219512195122,0.42857142857142855,0.29032258064516125,21.0,PARTEI,1,2.9,English,v1,Large,,28
0.21951219512195122,0.42857142857142855,0.29032258064516125,21.0,PARTEI,1,3.0,English,v1,Large,,29
0.17073170731707318,0.35,0.22950819672131145,20.0,PARTEI,1,3.1,English,v1,Large,,30
0.17073170731707318,0.35,0.22950819672131145,20.0,PARTEI,1,3.2,English,v1,Large,,31
0.36585365853658536,0.45454545454545453,0.40540540540540543,33.0,PARTEI,1,3.3,English,v1,Large,,32
0.34146341463414637,0.4827586206896552,0.4000000000000001,29.0,PARTEI,1,3.4,English,v1,Large,,33
0.34146341463414637,0.5,0.40579710144927533,28.0,PARTEI,1,3.5,English,v1,Large,,34
0.34146341463414637,0.5185185185185185,0.411764705882353,27.0,PARTEI,1,3.6,English,v1,Large,,35
0.34146341463414637,0.5185185185185185,0.411764705882353,27.0,PARTEI,1,3.7,English,v1,Large,,36
0.34146341463414637,0.5384615384615384,0.41791044776119407,26.0,PARTEI,1,3.8,English,v1,Large,,37
0.3170731707317073,0.5,0.38805970149253727,26.0,PARTEI,1,3.9,English,v1,Large,,38
0.3170731707317073,0.5,0.38805970149253727,26.0,PARTEI,1,4.0,English,v1,Large,,39
0.14046822742474915,0.40384615384615385,0.20843672456575682,104.0,POLITIKER,1,0.1,English,v1,Large,,0
0.12709030100334448,0.4470588235294118,0.19791666666666669,85.0,POLITIKER,1,0.2,English,v1,Large,,1
0.11705685618729098,0.4069767441860465,0.18181818181818185,86.0,POLITIKER,1,0.3,English,v1,Large,,2
0.13712374581939799,0.47674418604651164,0.21298701298701297,86.0,POLITIKER,1,0.4,English,v1,Large,,3
0.06688963210702341,0.4444444444444444,0.11627906976744187,45.0,POLITIKER,1,0.5,English,v1,Large,,4
0.10702341137123746,0.463768115942029,0.17391304347826086,69.0,POLITIKER,1,0.6,English,v1,Large,,5
0.030100334448160536,0.3,0.05471124620060791,30.0,POLITIKER,1,0.7,English,v1,Large,,6
0.07023411371237458,0.5833333333333334,0.1253731343283582,36.0,POLITIKER,1,0.8,English,v1,Large,,7
0.09698996655518395,0.6590909090909091,0.16909620991253643,44.0,POLITIKER,1,0.9,English,v1,Large,,8
0.10702341137123746,0.5517241379310345,0.1792717086834734,58.0,POLITIKER,1,1.0,English,v1,Large,,9
0.05016722408026756,0.375,0.08849557522123894,40.0,POLITIKER,1,1.1,English,v1,Large,,10
0.12709030100334448,0.6333333333333333,0.2116991643454039,60.0,POLITIKER,1,1.2,English,v1,Large,,11
0.12374581939799331,0.5692307692307692,0.20329670329670327,65.0,POLITIKER,1,1.3,English,v1,Large,,12
0.0903010033444816,0.6,0.15697674418604649,45.0,POLITIKER,1,1.4,English,v1,Large,,13
0.10367892976588629,0.5740740740740741,0.17563739376770537,54.0,POLITIKER,1,1.5,English,v1,Large,,14
0.10033444816053512,0.5660377358490566,0.17045454545454547,53.0,POLITIKER,1,1.6,English,v1,Large,,15
0.16722408026755853,0.4807692307692308,0.24813895781637718,104.0,POLITIKER,1,1.7,English,v1,Large,,16
0.08695652173913043,0.65,0.1533923303834808,40.0,POLITIKER,1,1.8,English,v1,Large,,17
0.0903010033444816,0.6428571428571429,0.15835777126099704,42.0,POLITIKER,1,1.9,English,v1,Large,,18
0.09698996655518395,0.6304347826086957,0.1681159420289855,46.0,POLITIKER,1,2.0,English,v1,Large,,19
0.07692307692307693,0.6052631578947368,0.13649851632047477,38.0,POLITIKER,1,2.1,English,v1,Large,,20
0.0903010033444816,0.6585365853658537,0.1588235294117647,41.0,POLITIKER,1,2.2,English,v1,Large,,21
0.06020066889632107,0.5,0.10746268656716419,36.0,POLITIKER,1,2.3,English,v1,Large,,22
0.0903010033444816,0.7105263157894737,0.16023738872403562,38.0,POLITIKER,1,2.4,English,v1,Large,,23
0.12709030100334448,0.4578313253012048,0.19895287958115185,83.0,POLITIKER,1,2.5,English,v1,Large,,24
0.10033444816053512,0.6382978723404256,0.17341040462427743,47.0,POLITIKER,1,2.6,English,v1,Large,,25
0.10033444816053512,0.7142857142857143,0.1759530791788856,42.0,POLITIKER,1,2.7,English,v1,Large,,26
0.10033444816053512,0.6818181818181818,0.1749271137026239,44.0,POLITIKER,1,2.8,English,v1,Large,,27
0.10033444816053512,0.7142857142857143,0.1759530791788856,42.0,POLITIKER,1,2.9,English,v1,Large,,28
0.10033444816053512,0.6976744186046512,0.17543859649122806,43.0,POLITIKER,1,3.0,English,v1,Large,,29
0.10033444816053512,0.6666666666666666,0.1744186046511628,45.0,POLITIKER,1,3.1,English,v1,Large,,30
0.10033444816053512,0.7317073170731707,0.17647058823529413,41.0,POLITIKER,1,3.2,English,v1,Large,,31
0.14381270903010032,0.48863636363636365,0.22222222222222218,88.0,POLITIKER,1,3.3,English,v1,Large,,32
0.10033444816053512,0.6521739130434783,0.17391304347826086,46.0,POLITIKER,1,3.4,English,v1,Large,,33
0.10033444816053512,0.6521739130434783,0.17391304347826086,46.0,POLITIKER,1,3.5,English,v1,Large,,34
0.10033444816053512,0.6521739130434783,0.17391304347826086,46.0,POLITIKER,1,3.6,English,v1,Large,,35
0.10033444816053512,0.6521739130434783,0.17391304347826086,46.0,POLITIKER,1,3.7,English,v1,Large,,36
0.10033444816053512,0.6666666666666666,0.1744186046511628,45.0,POLITIKER,1,3.8,English,v1,Large,,37
0.10033444816053512,0.6666666666666666,0.1744186046511628,45.0,POLITIKER,1,3.9,English,v1,Large,,38
0.10033444816053512,0.6666666666666666,0.1744186046511628,45.0,POLITIKER,1,4.0,English,v1,Large,,39
0.14767932489451477,0.42168674698795183,0.21875000000000003,,OVERALL,1,0.1,English,v1,Large,0.9285492629945694,0
0.10548523206751055,0.3968253968253968,0.16666666666666669,,OVERALL,1,0.2,English,v1,Large,0.9249030256012413,1
0.11181434599156118,0.3925925925925926,0.17405582922824303,,OVERALL,1,0.3,English,v1,Large,0.925756400310318,2
0.1160337552742616,0.4296875,0.18272425249169433,,OVERALL,1,0.4,English,v1,Large,0.925989138867339,3
0.0759493670886076,0.43373493975903615,0.12926391382405744,,OVERALL,1,0.5,English,v1,Large,0.9197827773467805,4
0.08649789029535865,0.45555555555555555,0.1453900709219858,,OVERALL,1,0.6,English,v1,Large,0.9201706749418154,5
0.04430379746835443,0.3442622950819672,0.07850467289719626,,OVERALL,1,0.7,English,v1,Large,0.917688130333592,6
0.0949367088607595,0.4326923076923077,0.15570934256055363,,OVERALL,1,0.8,English,v1,Large,0.9226532195500388,7
0.10337552742616034,0.5212765957446809,0.17253521126760563,,OVERALL,1,0.9,English,v1,Large,0.9214119472459271,8
0.10337552742616034,0.4803921568627451,0.1701388888888889,,OVERALL,1,1.0,English,v1,Large,0.9210240496508921,9
0.052742616033755275,0.390625,0.09293680297397769,,OVERALL,1,1.1,English,v1,Large,0.9178432893716059,10
0.10970464135021098,0.5306122448979592,0.18181818181818182,,OVERALL,1,1.2,English,v1,Large,0.9231186966640806,11
0.10337552742616034,0.49,0.17073170731707318,,OVERALL,1,1.3,English,v1,Large,0.9221877424359969,12
0.07805907172995781,0.5138888888888888,0.13553113553113552,,OVERALL,1,1.4,English,v1,Large,0.9190845616757176,13
0.09071729957805907,0.5180722891566265,0.15439856373429084,,OVERALL,1,1.5,English,v1,Large,0.9201706749418154,14
0.08649789029535865,0.5,0.1474820143884892,,OVERALL,1,1.6,English,v1,Large,0.9196276183087665,15
0.15822784810126583,0.4601226993865031,0.23547880690737838,,OVERALL,1,1.7,English,v1,Large,0.9279286268425135,16
0.07805907172995781,0.5362318840579711,0.13627992633517497,,OVERALL,1,1.8,English,v1,Large,0.9186190845616757,17
0.08016877637130802,0.5428571428571428,0.13970588235294118,,OVERALL,1,1.9,English,v1,Large,0.9186190845616757,18
0.08438818565400844,0.5128205128205128,0.14492753623188406,,OVERALL,1,2.0,English,v1,Large,0.9185415050426687,19
0.06962025316455696,0.4852941176470588,0.12177121771217711,,OVERALL,1,2.1,English,v1,Large,0.9182311869666409,20
0.08016877637130802,0.5588235294117647,0.14022140221402213,,OVERALL,1,2.2,English,v1,Large,0.9186966640806827,21
0.06118143459915612,0.47540983606557374,0.10841121495327102,,OVERALL,1,2.3,English,v1,Large,0.9169899146625291,22
0.08016877637130802,0.59375,0.1412639405204461,,OVERALL,1,2.4,English,v1,Large,0.9182311869666409,23
0.12447257383966245,0.43703703703703706,0.19376026272577998,,OVERALL,1,2.5,English,v1,Large,0.9245151280062064,24
0.09915611814345991,0.5402298850574713,0.1675579322638146,,OVERALL,1,2.6,English,v1,Large,0.9200155159038014,25
0.0949367088607595,0.6,0.1639344262295082,,OVERALL,1,2.7,English,v1,Large,0.9194724592707525,26
0.09282700421940929,0.5866666666666667,0.1602914389799636,,OVERALL,1,2.8,English,v1,Large,0.9190845616757176,27
0.09071729957805907,0.589041095890411,0.15722120658135286,,OVERALL,1,2.9,English,v1,Large,0.9190845616757176,28
0.09071729957805907,0.581081081081081,0.15693430656934307,,OVERALL,1,3.0,English,v1,Large,0.9190069821567106,29
0.08649789029535865,0.5466666666666666,0.1493624772313297,,OVERALL,1,3.1,English,v1,Large,0.9188518231186966,30
0.08649789029535865,0.5774647887323944,0.15045871559633026,,OVERALL,1,3.2,English,v1,Large,0.9190069821567106,31
0.13924050632911392,0.4647887323943662,0.21428571428571427,,OVERALL,1,3.3,English,v1,Large,0.9254460822342901,32
0.10337552742616034,0.5444444444444444,0.17375886524822695,,OVERALL,1,3.4,English,v1,Large,0.9207913110938712,33
0.10337552742616034,0.550561797752809,0.17406749555950268,,OVERALL,1,3.5,English,v1,Large,0.9208688906128782,34
0.10337552742616034,0.5568181818181818,0.17437722419928828,,OVERALL,1,3.6,English,v1,Large,0.9207913110938712,35
0.10337552742616034,0.5568181818181818,0.17437722419928828,,OVERALL,1,3.7,English,v1,Large,0.9207913110938712,36
0.10126582278481013,0.5714285714285714,0.17204301075268819,,OVERALL,1,3.8,English,v1,Large,0.9204809930178433,37
0.09915611814345991,0.5595238095238095,0.16845878136200718,,OVERALL,1,3.9,English,v1,Large,0.9204034134988363,38
0.09915611814345991,0.5595238095238095,0.16845878136200718,,OVERALL,1,4.0,English,v1,Large,0.9204034134988363,39
0.030534351145038167,0.3076923076923077,0.05555555555555555,13.0,BEHÖRDE,2,0.1,English,v1,Large,,0
0.030534351145038167,0.23529411764705882,0.05405405405405405,17.0,BEHÖRDE,2,0.2,English,v1,Large,,1
0.015267175572519083,0.2857142857142857,0.028985507246376805,7.0,BEHÖRDE,2,0.3,English,v1,Large,,2
0.015267175572519083,0.3333333333333333,0.0291970802919708,6.0,BEHÖRDE,2,0.4,English,v1,Large,,3
0.007633587786259542,0.3333333333333333,0.014925373134328356,3.0,BEHÖRDE,2,0.5,English,v1,Large,,4
0.015267175572519083,0.4,0.02941176470588235,5.0,BEHÖRDE,2,0.6,English,v1,Large,,5
0.022900763358778626,0.375,0.04316546762589928,8.0,BEHÖRDE,2,0.7,English,v1,Large,,6
0.015267175572519083,0.6666666666666666,0.029850746268656712,3.0,BEHÖRDE,2,0.8,English,v1,Large,,7
0.022900763358778626,0.23076923076923078,0.04166666666666667,13.0,BEHÖRDE,2,0.9,English,v1,Large,,8
0.0,0.0,0.0,2.0,BEHÖRDE,2,1.0,English,v1,Large,,9
0.007633587786259542,0.5,0.015037593984962405,2.0,BEHÖRDE,2,1.1,English,v1,Large,,10
0.0,0.0,0.0,0.0,BEHÖRDE,2,1.2,English,v1,Large,,11
0.0,0.0,0.0,0.0,BEHÖRDE,2,1.3,English,v1,Large,,12
0.0,0.0,0.0,0.0,BEHÖRDE,2,1.4,English,v1,Large,,13
0.0,0.0,0.0,0.0,BEHÖRDE,2,1.5,English,v1,Large,,14
0.0,0.0,0.0,0.0,BEHÖRDE,2,1.6,English,v1,Large,,15
0.007633587786259542,0.08333333333333333,0.013986013986013986,12.0,BEHÖRDE,2,1.7,English,v1,Large,,16
0.0,0.0,0.0,0.0,BEHÖRDE,2,1.8,English,v1,Large,,17
0.0,0.0,0.0,0.0,BEHÖRDE,2,1.9,English,v1,Large,,18
0.0,0.0,0.0,0.0,BEHÖRDE,2,2.0,English,v1,Large,,19
0.0,0.0,0.0,0.0,BEHÖRDE,2,2.1,English,v1,Large,,20
0.0,0.0,0.0,0.0,BEHÖRDE,2,2.2,English,v1,Large,,21
0.0,0.0,0.0,0.0,BEHÖRDE,2,2.3,English,v1,Large,,22
0.0,0.0,0.0,0.0,BEHÖRDE,2,2.4,English,v1,Large,,23
0.007633587786259542,0.1,0.014184397163120567,10.0,BEHÖRDE,2,2.5,English,v1,Large,,24
0.007633587786259542,0.3333333333333333,0.014925373134328356,3.0,BEHÖRDE,2,2.6,English,v1,Large,,25
0.0,0.0,0.0,0.0,BEHÖRDE,2,2.7,English,v1,Large,,26
0.0,0.0,0.0,0.0,BEHÖRDE,2,2.8,English,v1,Large,,27
0.0,0.0,0.0,0.0,BEHÖRDE,2,2.9,English,v1,Large,,28
0.0,0.0,0.0,0.0,BEHÖRDE,2,3.0,English,v1,Large,,29
0.0,0.0,0.0,0.0,BEHÖRDE,2,3.1,English,v1,Large,,30
0.0,0.0,0.0,0.0,BEHÖRDE,2,3.2,English,v1,Large,,31
0.007633587786259542,0.1,0.014184397163120567,10.0,BEHÖRDE,2,3.3,English,v1,Large,,32
0.007633587786259542,0.2,0.014705882352941175,5.0,BEHÖRDE,2,3.4,English,v1,Large,,33
0.007633587786259542,0.2,0.014705882352941175,5.0,BEHÖRDE,2,3.5,English,v1,Large,,34
0.007633587786259542,0.3333333333333333,0.014925373134328356,3.0,BEHÖRDE,2,3.6,English,v1,Large,,35
0.007633587786259542,0.3333333333333333,0.014925373134328356,3.0,BEHÖRDE,2,3.7,English,v1,Large,,36
0.007633587786259542,0.3333333333333333,0.014925373134328356,3.0,BEHÖRDE,2,3.8,English,v1,Large,,37
0.007633587786259542,0.3333333333333333,0.014925373134328356,3.0,BEHÖRDE,2,3.9,English,v1,Large,,38
0.007633587786259542,0.5,0.015037593984962405,2.0,BEHÖRDE,2,4.0,English,v1,Large,,39
0.0,0.0,0.0,4.0,JOURNALIST,2,0.1,English,v1,Large,,0
0.0,0.0,0.0,3.0,JOURNALIST,2,0.2,English,v1,Large,,1
0.0,0.0,0.0,3.0,JOURNALIST,2,0.3,English,v1,Large,,2
0.0,0.0,0.0,5.0,JOURNALIST,2,0.4,English,v1,Large,,3
0.0,0.0,0.0,8.0,JOURNALIST,2,0.5,English,v1,Large,,4
0.0,0.0,0.0,3.0,JOURNALIST,2,0.6,English,v1,Large,,5
0.0,0.0,0.0,4.0,JOURNALIST,2,0.7,English,v1,Large,,6
0.0,0.0,0.0,6.0,JOURNALIST,2,0.8,English,v1,Large,,7
0.0,0.0,0.0,1.0,JOURNALIST,2,0.9,English,v1,Large,,8
0.0,0.0,0.0,5.0,JOURNALIST,2,1.0,English,v1,Large,,9
0.0,0.0,0.0,1.0,JOURNALIST,2,1.1,English,v1,Large,,10
0.0,0.0,0.0,1.0,JOURNALIST,2,1.2,English,v1,Large,,11
0.0,0.0,0.0,1.0,JOURNALIST,2,1.3,English,v1,Large,,12
0.0,0.0,0.0,1.0,JOURNALIST,2,1.4,English,v1,Large,,13
0.0,0.0,0.0,5.0,JOURNALIST,2,1.5,English,v1,Large,,14
0.0,0.0,0.0,2.0,JOURNALIST,2,1.6,English,v1,Large,,15
0.0,0.0,0.0,1.0,JOURNALIST,2,1.7,English,v1,Large,,16
0.0,0.0,0.0,1.0,JOURNALIST,2,1.8,English,v1,Large,,17
0.0,0.0,0.0,1.0,JOURNALIST,2,1.9,English,v1,Large,,18
0.0,0.0,0.0,2.0,JOURNALIST,2,2.0,English,v1,Large,,19
0.0,0.0,0.0,2.0,JOURNALIST,2,2.1,English,v1,Large,,20
0.0,0.0,0.0,1.0,JOURNALIST,2,2.2,English,v1,Large,,21
0.0,0.0,0.0,1.0,JOURNALIST,2,2.3,English,v1,Large,,22
0.0,0.0,0.0,1.0,JOURNALIST,2,2.4,English,v1,Large,,23
0.0,0.0,0.0,1.0,JOURNALIST,2,2.5,English,v1,Large,,24
0.0,0.0,0.0,1.0,JOURNALIST,2,2.6,English,v1,Large,,25
0.0,0.0,0.0,1.0,JOURNALIST,2,2.7,English,v1,Large,,26
0.0,0.0,0.0,2.0,JOURNALIST,2,2.8,English,v1,Large,,27
0.0,0.0,0.0,2.0,JOURNALIST,2,2.9,English,v1,Large,,28
0.0,0.0,0.0,1.0,JOURNALIST,2,3.0,English,v1,Large,,29
0.0,0.0,0.0,1.0,JOURNALIST,2,3.1,English,v1,Large,,30
0.0,0.0,0.0,1.0,JOURNALIST,2,3.2,English,v1,Large,,31
0.0,0.0,0.0,1.0,JOURNALIST,2,3.3,English,v1,Large,,32
0.0,0.0,0.0,1.0,JOURNALIST,2,3.4,English,v1,Large,,33
0.0,0.0,0.0,1.0,JOURNALIST,2,3.5,English,v1,Large,,34
0.3333333333333333,0.3333333333333333,0.3333333333333333,3.0,MEDIEN,2,0.1,English,v1,Large,,0
0.3333333333333333,0.3333333333333333,0.3333333333333333,3.0,MEDIEN,2,0.2,English,v1,Large,,1
0.3333333333333333,0.5,0.4,2.0,MEDIEN,2,0.3,English,v1,Large,,2
0.3333333333333333,0.3333333333333333,0.3333333333333333,3.0,MEDIEN,2,0.4,English,v1,Large,,3
0.3333333333333333,0.25,0.28571428571428575,4.0,MEDIEN,2,0.5,English,v1,Large,,4
0.3333333333333333,0.2,0.25,5.0,MEDIEN,2,0.6,English,v1,Large,,5
0.3333333333333333,0.25,0.28571428571428575,4.0,MEDIEN,2,0.7,English,v1,Large,,6
0.3333333333333333,0.2,0.25,5.0,MEDIEN,2,0.8,English,v1,Large,,7
0.3333333333333333,0.3333333333333333,0.3333333333333333,3.0,MEDIEN,2,0.9,English,v1,Large,,8
0.3333333333333333,0.3333333333333333,0.3333333333333333,3.0,MEDIEN,2,1.0,English,v1,Large,,9
0.3333333333333333,0.3333333333333333,0.3333333333333333,3.0,MEDIEN,2,1.1,English,v1,Large,,10
0.3333333333333333,0.5,0.4,2.0,MEDIEN,2,1.2,English,v1,Large,,11
0.3333333333333333,0.5,0.4,2.0,MEDIEN,2,1.3,English,v1,Large,,12
0.3333333333333333,0.5,0.4,2.0,MEDIEN,2,1.4,English,v1,Large,,13
0.3333333333333333,0.5,0.4,2.0,MEDIEN,2,1.5,English,v1,Large,,14
0.3333333333333333,0.5,0.4,2.0,MEDIEN,2,1.6,English,v1,Large,,15
0.3333333333333333,0.3333333333333333,0.3333333333333333,3.0,MEDIEN,2,1.7,English,v1,Large,,16
0.3333333333333333,0.5,0.4,2.0,MEDIEN,2,1.8,English,v1,Large,,17
0.3333333333333333,0.5,0.4,2.0,MEDIEN,2,1.9,English,v1,Large,,18
0.3333333333333333,0.5,0.4,2.0,MEDIEN,2,2.0,English,v1,Large,,19
0.3333333333333333,0.5,0.4,2.0,MEDIEN,2,2.1,English,v1,Large,,20
0.3333333333333333,0.5,0.4,2.0,MEDIEN,2,2.2,English,v1,Large,,21
0.3333333333333333,0.5,0.4,2.0,MEDIEN,2,2.3,English,v1,Large,,22
0.3333333333333333,0.5,0.4,2.0,MEDIEN,2,2.4,English,v1,Large,,23
0.3333333333333333,0.25,0.28571428571428575,4.0,MEDIEN,2,2.5,English,v1,Large,,24
0.3333333333333333,0.5,0.4,2.0,MEDIEN,2,2.6,English,v1,Large,,25
0.3333333333333333,0.5,0.4,2.0,MEDIEN,2,2.7,English,v1,Large,,26
0.3333333333333333,0.5,0.4,2.0,MEDIEN,2,2.8,English,v1,Large,,27
0.3333333333333333,0.5,0.4,2.0,MEDIEN,2,2.9,English,v1,Large,,28
0.3333333333333333,0.5,0.4,2.0,MEDIEN,2,3.0,English,v1,Large,,29
0.3333333333333333,0.5,0.4,2.0,MEDIEN,2,3.1,English,v1,Large,,30
0.3333333333333333,0.5,0.4,2.0,MEDIEN,2,3.2,English,v1,Large,,31
0.3333333333333333,0.25,0.28571428571428575,4.0,MEDIEN,2,3.3,English,v1,Large,,32
0.3333333333333333,0.5,0.4,2.0,MEDIEN,2,3.4,English,v1,Large,,33
0.3333333333333333,0.5,0.4,2.0,MEDIEN,2,3.5,English,v1,Large,,34
0.3333333333333333,0.5,0.4,2.0,MEDIEN,2,3.6,English,v1,Large,,35
0.3333333333333333,0.5,0.4,2.0,MEDIEN,2,3.7,English,v1,Large,,36
0.3333333333333333,0.5,0.4,2.0,MEDIEN,2,3.8,English,v1,Large,,37
0.3333333333333333,0.5,0.4,2.0,MEDIEN,2,3.9,English,v1,Large,,38
0.3333333333333333,0.5,0.4,2.0,MEDIEN,2,4.0,English,v1,Large,,39
0.3170731707317073,0.43333333333333335,0.36619718309859156,30.0,PARTEI,2,0.1,English,v1,Large,,0
0.2926829268292683,0.42857142857142855,0.34782608695652173,28.0,PARTEI,2,0.2,English,v1,Large,,1
0.17073170731707318,0.4117647058823529,0.24137931034482757,17.0,PARTEI,2,0.3,English,v1,Large,,2
0.1951219512195122,0.47058823529411764,0.27586206896551724,17.0,PARTEI,2,0.4,English,v1,Large,,3
0.07317073170731707,0.21428571428571427,0.1090909090909091,14.0,PARTEI,2,0.5,English,v1,Large,,4
0.17073170731707318,0.4666666666666667,0.25,15.0,PARTEI,2,0.6,English,v1,Large,,5
0.1951219512195122,0.5,0.28070175438596495,16.0,PARTEI,2,0.7,English,v1,Large,,6
0.024390243902439025,0.14285714285714285,0.04166666666666667,7.0,PARTEI,2,0.8,English,v1,Large,,7
0.2682926829268293,0.39285714285714285,0.31884057971014496,28.0,PARTEI,2,0.9,English,v1,Large,,8
0.14634146341463414,0.21428571428571427,0.17391304347826086,28.0,PARTEI,2,1.0,English,v1,Large,,9
0.1951219512195122,0.36363636363636365,0.25396825396825395,22.0,PARTEI,2,1.1,English,v1,Large,,10
0.12195121951219512,0.35714285714285715,0.18181818181818182,14.0,PARTEI,2,1.2,English,v1,Large,,11
0.12195121951219512,0.35714285714285715,0.18181818181818182,14.0,PARTEI,2,1.3,English,v1,Large,,12
0.12195121951219512,0.38461538461538464,0.18518518518518517,13.0,PARTEI,2,1.4,English,v1,Large,,13
0.12195121951219512,0.3333333333333333,0.17857142857142858,15.0,PARTEI,2,1.5,English,v1,Large,,14
0.12195121951219512,0.38461538461538464,0.18518518518518517,13.0,PARTEI,2,1.6,English,v1,Large,,15
0.3170731707317073,0.40625,0.3561643835616438,32.0,PARTEI,2,1.7,English,v1,Large,,16
0.12195121951219512,0.38461538461538464,0.18518518518518517,13.0,PARTEI,2,1.8,English,v1,Large,,17
0.12195121951219512,0.5555555555555556,0.2,9.0,PARTEI,2,1.9,English,v1,Large,,18
0.0975609756097561,0.4444444444444444,0.16,9.0,PARTEI,2,2.0,English,v1,Large,,19
0.12195121951219512,0.5555555555555556,0.2,9.0,PARTEI,2,2.1,English,v1,Large,,20
0.0975609756097561,0.5,0.163265306122449,8.0,PARTEI,2,2.2,English,v1,Large,,21
0.12195121951219512,0.625,0.20408163265306123,8.0,PARTEI,2,2.3,English,v1,Large,,22
0.12195121951219512,0.625,0.20408163265306123,8.0,PARTEI,2,2.4,English,v1,Large,,23
0.2926829268292683,0.46153846153846156,0.35820895522388063,26.0,PARTEI,2,2.5,English,v1,Large,,24
0.12195121951219512,0.2777777777777778,0.16949152542372883,18.0,PARTEI,2,2.6,English,v1,Large,,25
0.12195121951219512,0.3333333333333333,0.17857142857142858,15.0,PARTEI,2,2.7,English,v1,Large,,26
0.12195121951219512,0.4166666666666667,0.18867924528301888,12.0,PARTEI,2,2.8,English,v1,Large,,27
0.12195121951219512,0.5555555555555556,0.2,9.0,PARTEI,2,2.9,English,v1,Large,,28
0.12195121951219512,0.5555555555555556,0.2,9.0,PARTEI,2,3.0,English,v1,Large,,29
0.12195121951219512,0.5555555555555556,0.2,9.0,PARTEI,2,3.1,English,v1,Large,,30
0.12195121951219512,0.625,0.20408163265306123,8.0,PARTEI,2,3.2,English,v1,Large,,31
0.3170731707317073,0.40625,0.3561643835616438,32.0,PARTEI,2,3.3,English,v1,Large,,32
0.1951219512195122,0.36363636363636365,0.25396825396825395,22.0,PARTEI,2,3.4,English,v1,Large,,33
0.1951219512195122,0.36363636363636365,0.25396825396825395,22.0,PARTEI,2,3.5,English,v1,Large,,34
0.17073170731707318,0.3181818181818182,0.22222222222222224,22.0,PARTEI,2,3.6,English,v1,Large,,35
0.17073170731707318,0.3181818181818182,0.22222222222222224,22.0,PARTEI,2,3.7,English,v1,Large,,36
0.14634146341463414,0.2857142857142857,0.1935483870967742,21.0,PARTEI,2,3.8,English,v1,Large,,37
0.14634146341463414,0.2857142857142857,0.1935483870967742,21.0,PARTEI,2,3.9,English,v1,Large,,38
0.12195121951219512,0.2631578947368421,0.16666666666666666,19.0,PARTEI,2,4.0,English,v1,Large,,39
0.11036789297658862,0.4230769230769231,0.17506631299734748,78.0,POLITIKER,2,0.1,English,v1,Large,,0
0.10702341137123746,0.4050632911392405,0.16931216931216933,79.0,POLITIKER,2,0.2,English,v1,Large,,1
0.11036789297658862,0.44,0.17647058823529413,75.0,POLITIKER,2,0.3,English,v1,Large,,2
0.06688963210702341,0.43478260869565216,0.11594202898550723,46.0,POLITIKER,2,0.4,English,v1,Large,,3
0.10702341137123746,0.48484848484848486,0.17534246575342463,66.0,POLITIKER,2,0.5,English,v1,Large,,4
0.09698996655518395,0.4915254237288136,0.16201117318435754,59.0,POLITIKER,2,0.6,English,v1,Large,,5
0.11036789297658862,0.44,0.17647058823529413,75.0,POLITIKER,2,0.7,English,v1,Large,,6
0.07023411371237458,0.4666666666666667,0.12209302325581395,45.0,POLITIKER,2,0.8,English,v1,Large,,7
0.20735785953177258,0.6458333333333334,0.3139240506329114,96.0,POLITIKER,2,0.9,English,v1,Large,,8
0.07692307692307693,0.42592592592592593,0.13031161473087816,54.0,POLITIKER,2,1.0,English,v1,Large,,9
0.16722408026755853,0.4854368932038835,0.24875621890547264,103.0,POLITIKER,2,1.1,English,v1,Large,,10
0.13377926421404682,0.45977011494252873,0.20725388601036268,87.0,POLITIKER,2,1.2,English,v1,Large,,11
0.14715719063545152,0.5,0.22739018087855298,88.0,POLITIKER,2,1.3,English,v1,Large,,12
0.11371237458193979,0.4722222222222222,0.18328840970350402,72.0,POLITIKER,2,1.4,English,v1,Large,,13
0.13377926421404682,0.49382716049382713,0.21052631578947364,81.0,POLITIKER,2,1.5,English,v1,Large,,14
0.09698996655518395,0.4264705882352941,0.15803814713896458,68.0,POLITIKER,2,1.6,English,v1,Large,,15
0.18729096989966554,0.5185185185185185,0.2751842751842752,108.0,POLITIKER,2,1.7,English,v1,Large,,16
0.12709030100334448,0.5066666666666667,0.2032085561497326,75.0,POLITIKER,2,1.8,English,v1,Large,,17
0.13043478260869565,0.4936708860759494,0.20634920634920634,79.0,POLITIKER,2,1.9,English,v1,Large,,18
0.09698996655518395,0.4393939393939394,0.1589041095890411,66.0,POLITIKER,2,2.0,English,v1,Large,,19
0.0903010033444816,0.47368421052631576,0.15168539325842695,57.0,POLITIKER,2,2.1,English,v1,Large,,20
0.10367892976588629,0.4305555555555556,0.16711590296495957,72.0,POLITIKER,2,2.2,English,v1,Large,,21
0.11036789297658862,0.4852941176470588,0.17983651226158037,68.0,POLITIKER,2,2.3,English,v1,Large,,22
0.10033444816053512,0.46153846153846156,0.16483516483516483,65.0,POLITIKER,2,2.4,English,v1,Large,,23
0.1939799331103679,0.5523809523809524,0.28712871287128716,105.0,POLITIKER,2,2.5,English,v1,Large,,24
0.12374581939799331,0.4625,0.19525065963060684,80.0,POLITIKER,2,2.6,English,v1,Large,,25
0.11371237458193979,0.4722222222222222,0.18328840970350402,72.0,POLITIKER,2,2.7,English,v1,Large,,26
0.11705685618729098,0.4794520547945205,0.1881720430107527,73.0,POLITIKER,2,2.8,English,v1,Large,,27
0.11036789297658862,0.4714285714285714,0.17886178861788615,70.0,POLITIKER,2,2.9,English,v1,Large,,28
0.10367892976588629,0.4626865671641791,0.16939890710382513,67.0,POLITIKER,2,3.0,English,v1,Large,,29
0.10702341137123746,0.48484848484848486,0.17534246575342463,66.0,POLITIKER,2,3.1,English,v1,Large,,30
0.11036789297658862,0.4925373134328358,0.180327868852459,67.0,POLITIKER,2,3.2,English,v1,Large,,31
0.18394648829431437,0.5288461538461539,0.27295285359801486,104.0,POLITIKER,2,3.3,English,v1,Large,,32
0.12709030100334448,0.4691358024691358,0.19999999999999998,81.0,POLITIKER,2,3.4,English,v1,Large,,33
0.11705685618729098,0.4430379746835443,0.18518518518518517,79.0,POLITIKER,2,3.5,English,v1,Large,,34
0.11371237458193979,0.43037974683544306,0.17989417989417988,79.0,POLITIKER,2,3.6,English,v1,Large,,35
0.11371237458193979,0.43037974683544306,0.17989417989417988,79.0,POLITIKER,2,3.7,English,v1,Large,,36
0.11371237458193979,0.4533333333333333,0.1818181818181818,75.0,POLITIKER,2,3.8,English,v1,Large,,37
0.11371237458193979,0.4473684210526316,0.18133333333333335,76.0,POLITIKER,2,3.9,English,v1,Large,,38
0.11036789297658862,0.4583333333333333,0.1778975741239892,72.0,POLITIKER,2,4.0,English,v1,Large,,39
0.10759493670886076,0.3984375,0.16943521594684385,,OVERALL,2,0.1,English,v1,Large,0.925911559348332,0
0.10337552742616034,0.3858267716535433,0.16306156405990016,,OVERALL,2,0.2,English,v1,Large,0.9253685027152831,1
0.09071729957805907,0.42574257425742573,0.14956521739130435,,OVERALL,2,0.3,English,v1,Large,0.9227307990690458,2
0.06540084388185655,0.41333333333333333,0.11293260473588344,,OVERALL,2,0.4,English,v1,Large,0.9193173002327386,3
0.07805907172995781,0.4111111111111111,0.13120567375886527,,OVERALL,2,0.5,English,v1,Large,0.9212567882079131,4
0.08227848101265822,0.43820224719101125,0.13854351687388988,,OVERALL,2,0.6,English,v1,Large,0.9194724592707525,5
0.0949367088607595,0.40540540540540543,0.15384615384615385,,OVERALL,2,0.7,English,v1,Large,0.921489526764934,6
0.052742616033755275,0.3968253968253968,0.0931098696461825,,OVERALL,2,0.8,English,v1,Large,0.9169899146625291,7
0.16244725738396623,0.5347222222222222,0.24919093851132681,,OVERALL,2,0.9,English,v1,Large,0.9277734678044997,8
0.06329113924050633,0.3225806451612903,0.10582010582010581,,OVERALL,2,1.0,English,v1,Large,0.9170674941815361,9
0.12658227848101267,0.4580152671755725,0.19834710743801653,,OVERALL,2,1.1,English,v1,Large,0.9251357641582623,10
0.0970464135021097,0.42592592592592593,0.15807560137457044,,OVERALL,2,1.2,English,v1,Large,0.9198603568657875,11
0.10548523206751055,0.47619047619047616,0.17271157167530224,,OVERALL,2,1.3,English,v1,Large,0.921489526764934,12
0.08438818565400844,0.45454545454545453,0.14234875444839856,,OVERALL,2,1.4,English,v1,Large,0.9203258339798294,13
0.0970464135021097,0.46464646464646464,0.16055846422338568,,OVERALL,2,1.5,English,v1,Large,0.9210240496508921,14
0.07383966244725738,0.4166666666666667,0.12544802867383512,,OVERALL,2,1.6,English,v1,Large,0.9187742435996897,15
0.14978902953586498,0.44375,0.22397476340694009,,OVERALL,2,1.7,English,v1,Large,0.9277734678044997,16
0.09282700421940929,0.4782608695652174,0.15547703180212016,,OVERALL,2,1.8,English,v1,Large,0.9202482544608224,17
0.0949367088607595,0.5,0.15957446808510636,,OVERALL,2,1.9,English,v1,Large,0.9204809930178433,18
0.07172995780590717,0.44155844155844154,0.12341197822141561,,OVERALL,2,2.0,English,v1,Large,0.9180760279286269,19
0.06962025316455696,0.4852941176470588,0.12177121771217711,,OVERALL,2,2.1,English,v1,Large,0.9178432893716059,20
0.0759493670886076,0.43373493975903615,0.12926391382405744,,OVERALL,2,2.2,English,v1,Large,0.9192397207137316,21
0.08227848101265822,0.4936708860759494,0.1410488245931284,,OVERALL,2,2.3,English,v1,Large,0.9191621411947246,22
0.0759493670886076,0.47368421052631576,0.1309090909090909,,OVERALL,2,2.4,English,v1,Large,0.9185415050426687,23
0.1518987341772152,0.4897959183673469,0.23188405797101447,,OVERALL,2,2.5,English,v1,Large,0.9263770364623739,24
0.09282700421940929,0.41904761904761906,0.15198618307426595,,OVERALL,2,2.6,English,v1,Large,0.9210240496508921,25
0.08438818565400844,0.4444444444444444,0.14184397163120568,,OVERALL,2,2.7,English,v1,Large,0.9201706749418154,26
0.08649789029535865,0.4659090909090909,0.14590747330960854,,OVERALL,2,2.8,English,v1,Large,0.9200155159038014,27
0.08227848101265822,0.47560975609756095,0.14028776978417265,,OVERALL,2,2.9,English,v1,Large,0.9191621411947246,28
0.07805907172995781,0.46835443037974683,0.13381555153707056,,OVERALL,2,3.0,English,v1,Large,0.9186966640806827,29
0.08016877637130802,0.48717948717948717,0.13768115942028986,,OVERALL,2,3.1,English,v1,Large,0.9186966640806827,30
0.08227848101265822,0.5,0.14130434782608695,,OVERALL,2,3.2,English,v1,Large,0.9186966640806827,31
0.14767932489451477,0.4605263157894737,0.22364217252396165,,OVERALL,2,3.3,English,v1,Large,0.926066718386346,32
0.10126582278481013,0.42857142857142855,0.16382252559726962,,OVERALL,2,3.4,English,v1,Large,0.9214119472459271,33
0.0949367088607595,0.41284403669724773,0.15437392795883362,,OVERALL,2,3.5,English,v1,Large,0.9211792086889061,34
0.09071729957805907,0.40186915887850466,0.14802065404475045,,OVERALL,2,3.6,English,v1,Large,0.9211016291698991,35
0.09071729957805907,0.40186915887850466,0.14802065404475045,,OVERALL,2,3.7,English,v1,Large,0.9211016291698991,36
0.08860759493670886,0.4117647058823529,0.14583333333333334,,OVERALL,2,3.8,English,v1,Large,0.9207137315748642,37
0.08860759493670886,0.4077669902912621,0.14558058925476602,,OVERALL,2,3.9,English,v1,Large,0.9207913110938712,38
0.08438818565400844,0.4166666666666667,0.14035087719298245,,OVERALL,2,4.0,English,v1,Large,0.9204034134988363,39
0.061068702290076333,0.38095238095238093,0.10526315789473685,21.0,BEHÖRDE,3,0.1,English,v1,Large,,0
0.0916030534351145,0.48,0.15384615384615383,25.0,BEHÖRDE,3,0.2,English,v1,Large,,1
0.0916030534351145,0.42857142857142855,0.15094339622641512,28.0,BEHÖRDE,3,0.3,English,v1,Large,,2
0.0916030534351145,0.48,0.15384615384615383,25.0,BEHÖRDE,3,0.4,English,v1,Large,,3
0.04580152671755725,0.375,0.08163265306122448,16.0,BEHÖRDE,3,0.5,English,v1,Large,,4
0.061068702290076333,0.38095238095238093,0.10526315789473685,21.0,BEHÖRDE,3,0.6,English,v1,Large,,5
0.04580152671755725,0.2857142857142857,0.07894736842105263,21.0,BEHÖRDE,3,0.7,English,v1,Large,,6
0.022900763358778626,0.23076923076923078,0.04166666666666667,13.0,BEHÖRDE,3,0.8,English,v1,Large,,7
0.04580152671755725,0.3,0.07947019867549668,20.0,BEHÖRDE,3,0.9,English,v1,Large,,8
0.03816793893129771,0.25,0.06622516556291391,20.0,BEHÖRDE,3,1.0,English,v1,Large,,9
0.030534351145038167,0.36363636363636365,0.05633802816901408,11.0,BEHÖRDE,3,1.1,English,v1,Large,,10
0.022900763358778626,0.3,0.04255319148936171,10.0,BEHÖRDE,3,1.2,English,v1,Large,,11
0.022900763358778626,0.3,0.04255319148936171,10.0,BEHÖRDE,3,1.3,English,v1,Large,,12
0.022900763358778626,0.3333333333333333,0.04285714285714286,9.0,BEHÖRDE,3,1.4,English,v1,Large,,13
0.022900763358778626,0.375,0.04316546762589928,8.0,BEHÖRDE,3,1.5,English,v1,Large,,14
0.022900763358778626,0.42857142857142855,0.04347826086956522,7.0,BEHÖRDE,3,1.6,English,v1,Large,,15
0.04580152671755725,0.3,0.07947019867549668,20.0,BEHÖRDE,3,1.7,English,v1,Large,,16
0.030534351145038167,0.4444444444444444,0.05714285714285714,9.0,BEHÖRDE,3,1.8,English,v1,Large,,17
0.03816793893129771,0.5,0.07092198581560284,10.0,BEHÖRDE,3,1.9,English,v1,Large,,18
0.030534351145038167,0.4,0.05673758865248227,10.0,BEHÖRDE,3,2.0,English,v1,Large,,19
0.022900763358778626,0.3,0.04255319148936171,10.0,BEHÖRDE,3,2.1,English,v1,Large,,20
0.022900763358778626,0.2727272727272727,0.04225352112676057,11.0,BEHÖRDE,3,2.2,English,v1,Large,,21
0.030534351145038167,0.4,0.05673758865248227,10.0,BEHÖRDE,3,2.3,English,v1,Large,,22
0.030534351145038167,0.36363636363636365,0.05633802816901408,11.0,BEHÖRDE,3,2.4,English,v1,Large,,23
0.05343511450381679,0.3181818181818182,0.0915032679738562,22.0,BEHÖRDE,3,2.5,English,v1,Large,,24
0.030534351145038167,0.25,0.05442176870748299,16.0,BEHÖRDE,3,2.6,English,v1,Large,,25
0.030534351145038167,0.2857142857142857,0.05517241379310344,14.0,BEHÖRDE,3,2.7,English,v1,Large,,26
0.022900763358778626,0.2727272727272727,0.04225352112676057,11.0,BEHÖRDE,3,2.8,English,v1,Large,,27
0.022900763358778626,0.2727272727272727,0.04225352112676057,11.0,BEHÖRDE,3,2.9,English,v1,Large,,28
0.022900763358778626,0.2727272727272727,0.04225352112676057,11.0,BEHÖRDE,3,3.0,English,v1,Large,,29
0.022900763358778626,0.2727272727272727,0.04225352112676057,11.0,BEHÖRDE,3,3.1,English,v1,Large,,30
0.022900763358778626,0.2727272727272727,0.04225352112676057,11.0,BEHÖRDE,3,3.2,English,v1,Large,,31
0.04580152671755725,0.3,0.07947019867549668,20.0,BEHÖRDE,3,3.3,English,v1,Large,,32
0.030534351145038167,0.2857142857142857,0.05517241379310344,14.0,BEHÖRDE,3,3.4,English,v1,Large,,33
0.030534351145038167,0.2857142857142857,0.05517241379310344,14.0,BEHÖRDE,3,3.5,English,v1,Large,,34
0.030534351145038167,0.2857142857142857,0.05517241379310344,14.0,BEHÖRDE,3,3.6,English,v1,Large,,35
0.030534351145038167,0.2857142857142857,0.05517241379310344,14.0,BEHÖRDE,3,3.7,English,v1,Large,,36
0.030534351145038167,0.2857142857142857,0.05517241379310344,14.0,BEHÖRDE,3,3.8,English,v1,Large,,37
0.030534351145038167,0.2857142857142857,0.05517241379310344,14.0,BEHÖRDE,3,3.9,English,v1,Large,,38
0.030534351145038167,0.2857142857142857,0.05517241379310344,14.0,BEHÖRDE,3,4.0,English,v1,Large,,39
0.0,0.0,0.0,2.0,JOURNALIST,3,0.1,English,v1,Large,,0
0.0,0.0,0.0,1.0,JOURNALIST,3,0.2,English,v1,Large,,1
0.0,0.0,0.0,1.0,JOURNALIST,3,0.3,English,v1,Large,,2
0.0,0.0,0.0,1.0,JOURNALIST,3,0.4,English,v1,Large,,3
0.0,0.0,0.0,1.0,JOURNALIST,3,0.5,English,v1,Large,,4
0.0,0.0,0.0,1.0,JOURNALIST,3,0.6,English,v1,Large,,5
0.0,0.0,0.0,2.0,JOURNALIST,3,0.7,English,v1,Large,,6
0.0,0.0,0.0,1.0,JOURNALIST,3,0.8,English,v1,Large,,7
0.0,0.0,0.0,1.0,JOURNALIST,3,0.9,English,v1,Large,,8
0.0,0.0,0.0,1.0,JOURNALIST,3,1.0,English,v1,Large,,9
0.3333333333333333,0.25,0.28571428571428575,4.0,MEDIEN,3,0.1,English,v1,Large,,0
0.0,0.0,0.0,3.0,MEDIEN,3,0.2,English,v1,Large,,1
0.3333333333333333,0.3333333333333333,0.3333333333333333,3.0,MEDIEN,3,0.3,English,v1,Large,,2
0.3333333333333333,0.3333333333333333,0.3333333333333333,3.0,MEDIEN,3,0.4,English,v1,Large,,3
0.3333333333333333,0.3333333333333333,0.3333333333333333,3.0,MEDIEN,3,0.5,English,v1,Large,,4
0.3333333333333333,0.3333333333333333,0.3333333333333333,3.0,MEDIEN,3,0.6,English,v1,Large,,5
0.3333333333333333,0.3333333333333333,0.3333333333333333,3.0,MEDIEN,3,0.7,English,v1,Large,,6
0.3333333333333333,0.3333333333333333,0.3333333333333333,3.0,MEDIEN,3,0.8,English,v1,Large,,7
0.3333333333333333,0.3333333333333333,0.3333333333333333,3.0,MEDIEN,3,0.9,English,v1,Large,,8
0.3333333333333333,0.3333333333333333,0.3333333333333333,3.0,MEDIEN,3,1.0,English,v1,Large,,9
0.3333333333333333,0.3333333333333333,0.3333333333333333,3.0,MEDIEN,3,1.1,English,v1,Large,,10
0.3333333333333333,0.3333333333333333,0.3333333333333333,3.0,MEDIEN,3,1.2,English,v1,Large,,11
0.3333333333333333,0.5,0.4,2.0,MEDIEN,3,1.3,English,v1,Large,,12
0.3333333333333333,0.5,0.4,2.0,MEDIEN,3,1.4,English,v1,Large,,13
0.3333333333333333,0.5,0.4,2.0,MEDIEN,3,1.5,English,v1,Large,,14
0.3333333333333333,0.5,0.4,2.0,MEDIEN,3,1.6,English,v1,Large,,15
0.3333333333333333,0.5,0.4,2.0,MEDIEN,3,1.7,English,v1,Large,,16
0.3333333333333333,0.5,0.4,2.0,MEDIEN,3,1.8,English,v1,Large,,17
0.3333333333333333,0.5,0.4,2.0,MEDIEN,3,1.9,English,v1,Large,,18
0.3333333333333333,0.5,0.4,2.0,MEDIEN,3,2.0,English,v1,Large,,19
0.3333333333333333,0.5,0.4,2.0,MEDIEN,3,2.1,English,v1,Large,,20
0.3333333333333333,0.5,0.4,2.0,MEDIEN,3,2.2,English,v1,Large,,21
0.3333333333333333,0.5,0.4,2.0,MEDIEN,3,2.3,English,v1,Large,,22
0.3333333333333333,0.5,0.4,2.0,MEDIEN,3,2.4,English,v1,Large,,23
0.3333333333333333,0.25,0.28571428571428575,4.0,MEDIEN,3,2.5,English,v1,Large,,24
0.3333333333333333,0.5,0.4,2.0,MEDIEN,3,2.6,English,v1,Large,,25
0.3333333333333333,0.5,0.4,2.0,MEDIEN,3,2.7,English,v1,Large,,26
0.3333333333333333,0.5,0.4,2.0,MEDIEN,3,2.8,English,v1,Large,,27
0.3333333333333333,0.5,0.4,2.0,MEDIEN,3,2.9,English,v1,Large,,28
0.3333333333333333,0.5,0.4,2.0,MEDIEN,3,3.0,English,v1,Large,,29
0.3333333333333333,0.5,0.4,2.0,MEDIEN,3,3.1,English,v1,Large,,30
0.3333333333333333,0.5,0.4,2.0,MEDIEN,3,3.2,English,v1,Large,,31
0.3333333333333333,0.3333333333333333,0.3333333333333333,3.0,MEDIEN,3,3.3,English,v1,Large,,32
0.3333333333333333,0.5,0.4,2.0,MEDIEN,3,3.4,English,v1,Large,,33
0.3333333333333333,0.5,0.4,2.0,MEDIEN,3,3.5,English,v1,Large,,34
0.3333333333333333,0.5,0.4,2.0,MEDIEN,3,3.6,English,v1,Large,,35
0.3333333333333333,0.5,0.4,2.0,MEDIEN,3,3.7,English,v1,Large,,36
0.3333333333333333,0.5,0.4,2.0,MEDIEN,3,3.8,English,v1,Large,,37
0.3333333333333333,0.5,0.4,2.0,MEDIEN,3,3.9,English,v1,Large,,38
0.3333333333333333,0.5,0.4,2.0,MEDIEN,3,4.0,English,v1,Large,,39
0.3170731707317073,0.40625,0.3561643835616438,32.0,PARTEI,3,0.1,English,v1,Large,,0
0.12195121951219512,0.23809523809523808,0.16129032258064516,21.0,PARTEI,3,0.2,English,v1,Large,,1
0.21951219512195122,0.375,0.27692307692307694,24.0,PARTEI,3,0.3,English,v1,Large,,2
0.24390243902439024,0.43478260869565216,0.3125,23.0,PARTEI,3,0.4,English,v1,Large,,3
0.12195121951219512,0.2777777777777778,0.16949152542372883,18.0,PARTEI,3,0.5,English,v1,Large,,4
0.17073170731707318,0.4117647058823529,0.24137931034482757,17.0,PARTEI,3,0.6,English,v1,Large,,5
0.34146341463414637,0.4827586206896552,0.4000000000000001,29.0,PARTEI,3,0.7,English,v1,Large,,6
0.12195121951219512,0.23809523809523808,0.16129032258064516,21.0,PARTEI,3,0.8,English,v1,Large,,7
0.36585365853658536,0.4838709677419355,0.4166666666666667,31.0,PARTEI,3,0.9,English,v1,Large,,8
0.34146341463414637,0.5,0.40579710144927533,28.0,PARTEI,3,1.0,English,v1,Large,,9
0.14634146341463414,0.3157894736842105,0.19999999999999998,19.0,PARTEI,3,1.1,English,v1,Large,,10
0.21951219512195122,0.5294117647058824,0.3103448275862069,17.0,PARTEI,3,1.2,English,v1,Large,,11
0.21951219512195122,0.45,0.29508196721311475,20.0,PARTEI,3,1.3,English,v1,Large,,12
0.14634146341463414,0.3157894736842105,0.19999999999999998,19.0,PARTEI,3,1.4,English,v1,Large,,13
0.2682926829268293,0.55,0.36065573770491804,20.0,PARTEI,3,1.5,English,v1,Large,,14
0.24390243902439024,0.5263157894736842,0.3333333333333333,19.0,PARTEI,3,1.6,English,v1,Large,,15
0.3902439024390244,0.5517241379310345,0.4571428571428572,29.0,PARTEI,3,1.7,English,v1,Large,,16
0.1951219512195122,0.4444444444444444,0.27118644067796616,18.0,PARTEI,3,1.8,English,v1,Large,,17
0.21951219512195122,0.42857142857142855,0.29032258064516125,21.0,PARTEI,3,1.9,English,v1,Large,,18
0.21951219512195122,0.45,0.29508196721311475,20.0,PARTEI,3,2.0,English,v1,Large,,19
0.1951219512195122,0.4444444444444444,0.27118644067796616,18.0,PARTEI,3,2.1,English,v1,Large,,20
0.24390243902439024,0.47619047619047616,0.3225806451612903,21.0,PARTEI,3,2.2,English,v1,Large,,21
0.21951219512195122,0.47368421052631576,0.3,19.0,PARTEI,3,2.3,English,v1,Large,,22
0.21951219512195122,0.47368421052631576,0.3,19.0,PARTEI,3,2.4,English,v1,Large,,23
0.36585365853658536,0.5357142857142857,0.43478260869565216,28.0,PARTEI,3,2.5,English,v1,Large,,24
0.3170731707317073,0.5909090909090909,0.41269841269841273,22.0,PARTEI,3,2.6,English,v1,Large,,25
0.2682926829268293,0.5,0.34920634920634924,22.0,PARTEI,3,2.7,English,v1,Large,,26
0.24390243902439024,0.5263157894736842,0.3333333333333333,19.0,PARTEI,3,2.8,English,v1,Large,,27
0.24390243902439024,0.5263157894736842,0.3333333333333333,19.0,PARTEI,3,2.9,English,v1,Large,,28
0.21951219512195122,0.5,0.3050847457627119,18.0,PARTEI,3,3.0,English,v1,Large,,29
0.21951219512195122,0.5294117647058824,0.3103448275862069,17.0,PARTEI,3,3.1,English,v1,Large,,30
0.21951219512195122,0.5294117647058824,0.3103448275862069,17.0,PARTEI,3,3.2,English,v1,Large,,31
0.3902439024390244,0.5925925925925926,0.47058823529411764,27.0,PARTEI,3,3.3,English,v1,Large,,32
0.3170731707317073,0.5909090909090909,0.41269841269841273,22.0,PARTEI,3,3.4,English,v1,Large,,33
0.3170731707317073,0.5909090909090909,0.41269841269841273,22.0,PARTEI,3,3.5,English,v1,Large,,34
0.3170731707317073,0.5909090909090909,0.41269841269841273,22.0,PARTEI,3,3.6,English,v1,Large,,35
0.3170731707317073,0.5909090909090909,0.41269841269841273,22.0,PARTEI,3,3.7,English,v1,Large,,36
0.2926829268292683,0.5454545454545454,0.3809523809523809,22.0,PARTEI,3,3.8,English,v1,Large,,37
0.2926829268292683,0.5454545454545454,0.3809523809523809,22.0,PARTEI,3,3.9,English,v1,Large,,38
0.2926829268292683,0.5454545454545454,0.3809523809523809,22.0,PARTEI,3,4.0,English,v1,Large,,39
0.29431438127090304,0.44,0.35270541082164336,200.0,POLITIKER,3,0.1,English,v1,Large,,0
0.12709030100334448,0.4470588235294118,0.19791666666666669,85.0,POLITIKER,3,0.2,English,v1,Large,,1
0.18394648829431437,0.4782608695652174,0.2657004830917874,115.0,POLITIKER,3,0.3,English,v1,Large,,2
0.10702341137123746,0.5925925925925926,0.1813031161473088,54.0,POLITIKER,3,0.4,English,v1,Large,,3
0.10702341137123746,0.5161290322580645,0.17728531855955676,62.0,POLITIKER,3,0.5,English,v1,Large,,4
0.09698996655518395,0.5178571428571429,0.16338028169014085,56.0,POLITIKER,3,0.6,English,v1,Large,,5
0.19063545150501673,0.5876288659793815,0.2878787878787879,97.0,POLITIKER,3,0.7,English,v1,Large,,6
0.11705685618729098,0.603448275862069,0.19607843137254902,58.0,POLITIKER,3,0.8,English,v1,Large,,7
0.1806020066889632,0.6352941176470588,0.28125,85.0,POLITIKER,3,0.9,English,v1,Large,,8
0.09364548494983277,0.5185185185185185,0.15864022662889515,54.0,POLITIKER,3,1.0,English,v1,Large,,9
0.0903010033444816,0.5869565217391305,0.15652173913043477,46.0,POLITIKER,3,1.1,English,v1,Large,,10
0.08361204013377926,0.4716981132075472,0.14204545454545453,53.0,POLITIKER,3,1.2,English,v1,Large,,11
0.10033444816053512,0.4918032786885246,0.16666666666666666,61.0,POLITIKER,3,1.3,English,v1,Large,,12
0.06020066889632107,0.4186046511627907,0.10526315789473685,43.0,POLITIKER,3,1.4,English,v1,Large,,13
0.07023411371237458,0.525,0.12389380530973451,40.0,POLITIKER,3,1.5,English,v1,Large,,14
0.07692307692307693,0.5609756097560976,0.13529411764705884,41.0,POLITIKER,3,1.6,English,v1,Large,,15
0.14046822742474915,0.5753424657534246,0.2258064516129032,73.0,POLITIKER,3,1.7,English,v1,Large,,16
0.07357859531772576,0.55,0.1297935103244838,40.0,POLITIKER,3,1.8,English,v1,Large,,17
0.07357859531772576,0.5365853658536586,0.1294117647058824,41.0,POLITIKER,3,1.9,English,v1,Large,,18
0.07692307692307693,0.5348837209302325,0.13450292397660818,43.0,POLITIKER,3,2.0,English,v1,Large,,19
0.0903010033444816,0.627906976744186,0.15789473684210528,43.0,POLITIKER,3,2.1,English,v1,Large,,20
0.07023411371237458,0.4772727272727273,0.12244897959183673,44.0,POLITIKER,3,2.2,English,v1,Large,,21
0.07357859531772576,0.5,0.12827988338192423,44.0,POLITIKER,3,2.3,English,v1,Large,,22
0.07023411371237458,0.45652173913043476,0.12173913043478259,46.0,POLITIKER,3,2.4,English,v1,Large,,23
0.13712374581939799,0.5466666666666666,0.2192513368983957,75.0,POLITIKER,3,2.5,English,v1,Large,,24
0.08695652173913043,0.5416666666666666,0.1498559077809798,48.0,POLITIKER,3,2.6,English,v1,Large,,25
0.06688963210702341,0.4444444444444444,0.11627906976744187,45.0,POLITIKER,3,2.7,English,v1,Large,,26
0.06688963210702341,0.5,0.11799410029498525,40.0,POLITIKER,3,2.8,English,v1,Large,,27
0.07357859531772576,0.5,0.12827988338192423,44.0,POLITIKER,3,2.9,English,v1,Large,,28
0.06688963210702341,0.5,0.11799410029498525,40.0,POLITIKER,3,3.0,English,v1,Large,,29
0.06688963210702341,0.5405405405405406,0.11904761904761904,37.0,POLITIKER,3,3.1,English,v1,Large,,30
0.06688963210702341,0.5405405405405406,0.11904761904761904,37.0,POLITIKER,3,3.2,English,v1,Large,,31
0.13043478260869565,0.5416666666666666,0.21024258760107817,72.0,POLITIKER,3,3.3,English,v1,Large,,32
0.07692307692307693,0.4791666666666667,0.13256484149855907,48.0,POLITIKER,3,3.4,English,v1,Large,,33
0.07692307692307693,0.48936170212765956,0.13294797687861273,47.0,POLITIKER,3,3.5,English,v1,Large,,34
0.07692307692307693,0.5,0.13333333333333336,46.0,POLITIKER,3,3.6,English,v1,Large,,35
0.07692307692307693,0.5227272727272727,0.13411078717201166,44.0,POLITIKER,3,3.7,English,v1,Large,,36
0.07692307692307693,0.5227272727272727,0.13411078717201166,44.0,POLITIKER,3,3.8,English,v1,Large,,37
0.07692307692307693,0.5227272727272727,0.13411078717201166,44.0,POLITIKER,3,3.9,English,v1,Large,,38
0.07692307692307693,0.5227272727272727,0.13411078717201166,44.0,POLITIKER,3,4.0,English,v1,Large,,39
0.2320675105485232,0.4247104247104247,0.30013642564802184,,OVERALL,3,0.1,English,v1,Large,0.9347556245151281,0
0.1160337552742616,0.4074074074074074,0.180623973727422,,OVERALL,3,0.2,English,v1,Large,0.9245927075252134,1
0.16244725738396623,0.4502923976608187,0.23875968992248062,,OVERALL,3,0.3,English,v1,Large,0.9290147401086113,2
0.1160337552742616,0.5238095238095238,0.18998272884283246,,OVERALL,3,0.4,English,v1,Large,0.9245151280062064,3
0.09282700421940929,0.4444444444444444,0.1535776614310646,,OVERALL,3,0.5,English,v1,Large,0.9212567882079131,4
0.0949367088607595,0.45918367346938777,0.15734265734265734,,OVERALL,3,0.6,English,v1,Large,0.9228859581070598,5
0.16455696202531644,0.52,0.25,,OVERALL,3,0.7,English,v1,Large,0.9276958882854927,6
0.09282700421940929,0.4583333333333333,0.15438596491228068,,OVERALL,3,0.8,English,v1,Large,0.921799844840962,7
0.16033755274261605,0.5428571428571428,0.24755700325732902,,OVERALL,3,0.9,English,v1,Large,0.9280062063615205,8
0.10126582278481013,0.45714285714285713,0.16580310880829013,,OVERALL,3,1.0,English,v1,Large,0.9243599689681924,9
0.08016877637130802,0.4691358024691358,0.13693693693693693,,OVERALL,3,1.1,English,v1,Large,0.9197827773467805,10
0.08016877637130802,0.4578313253012048,0.13644524236983846,,OVERALL,3,1.2,English,v1,Large,0.9199379363847944,11
0.09071729957805907,0.4574468085106383,0.15140845070422532,,OVERALL,3,1.3,English,v1,Large,0.9207913110938712,12
0.05907172995780591,0.3835616438356164,0.10237659963436928,,OVERALL,3,1.4,English,v1,Large,0.9195500387897595,13
0.0759493670886076,0.5142857142857142,0.1323529411764706,,OVERALL,3,1.5,English,v1,Large,0.9205585725368503,14
0.07805907172995781,0.5362318840579711,0.13627992633517497,,OVERALL,3,1.6,English,v1,Large,0.9201706749418154,15
0.1371308016877637,0.52,0.21702838063439064,,OVERALL,3,1.7,English,v1,Large,0.9256788207913111,16
0.07383966244725738,0.5072463768115942,0.1289134438305709,,OVERALL,3,1.8,English,v1,Large,0.9200155159038014,17
0.07805907172995781,0.5,0.13503649635036497,,OVERALL,3,1.9,English,v1,Large,0.9200930954228084,18
0.07805907172995781,0.49333333333333335,0.13479052823315119,,OVERALL,3,2.0,English,v1,Large,0.9200930954228084,19
0.08227848101265822,0.5342465753424658,0.1425959780621572,,OVERALL,3,2.1,English,v1,Large,0.9202482544608224,20
0.07383966244725738,0.44871794871794873,0.12681159420289856,,OVERALL,3,2.2,English,v1,Large,0.9196276183087665,21
0.0759493670886076,0.48,0.13114754098360656,,OVERALL,3,2.3,English,v1,Large,0.9193173002327386,22
0.07383966244725738,0.44871794871794873,0.12681159420289856,,OVERALL,3,2.4,English,v1,Large,0.9193173002327386,23
0.1350210970464135,0.49230769230769234,0.21192052980132448,,OVERALL,3,2.5,English,v1,Large,0.9250581846392553,24
0.09282700421940929,0.5,0.15658362989323846,,OVERALL,3,2.6,English,v1,Large,0.9214119472459271,25
0.0759493670886076,0.43373493975903615,0.12926391382405744,,OVERALL,3,2.7,English,v1,Large,0.9199379363847944,26
0.07172995780590717,0.4722222222222222,0.12454212454212453,,OVERALL,3,2.8,English,v1,Large,0.9189294026377036,27
0.0759493670886076,0.47368421052631576,0.1309090909090909,,OVERALL,3,2.9,English,v1,Large,0.9195500387897595,28
0.06962025316455696,0.4647887323943662,0.12110091743119267,,OVERALL,3,3.0,English,v1,Large,0.9187742435996897,29
0.06962025316455696,0.4925373134328358,0.12199630314232901,,OVERALL,3,3.1,English,v1,Large,0.9186966640806827,30
0.06962025316455696,0.4925373134328358,0.12199630314232901,,OVERALL,3,3.2,English,v1,Large,0.9186966640806827,31
0.1308016877637131,0.5081967213114754,0.2080536912751678,,OVERALL,3,3.3,English,v1,Large,0.9247478665632273,32
0.08649789029535865,0.47674418604651164,0.14642857142857144,,OVERALL,3,3.4,English,v1,Large,0.9209464701318851,33
0.08649789029535865,0.4823529411764706,0.14669051878354203,,OVERALL,3,3.5,English,v1,Large,0.9208688906128782,34
0.08649789029535865,0.4880952380952381,0.14695340501792115,,OVERALL,3,3.6,English,v1,Large,0.9209464701318851,35
0.08649789029535865,0.5,0.1474820143884892,,OVERALL,3,3.7,English,v1,Large,0.9207137315748642,36
0.08438818565400844,0.4878048780487805,0.14388489208633093,,OVERALL,3,3.8,English,v1,Large,0.9206361520558572,37
0.08438818565400844,0.4878048780487805,0.14388489208633093,,OVERALL,3,3.9,English,v1,Large,0.9206361520558572,38
0.08438818565400844,0.4878048780487805,0.14388489208633093,,OVERALL,3,4.0,English,v1,Large,0.9206361520558572,39
0.06870229007633588,0.23076923076923078,0.10588235294117648,39.0,BEHÖRDE,4,0.1,English,v1,Large,,0
0.10687022900763359,0.3783783783783784,0.16666666666666666,37.0,BEHÖRDE,4,0.2,English,v1,Large,,1
0.10687022900763359,0.32558139534883723,0.16091954022988503,43.0,BEHÖRDE,4,0.3,English,v1,Large,,2
0.061068702290076333,0.38095238095238093,0.10526315789473685,21.0,BEHÖRDE,4,0.4,English,v1,Large,,3
0.08396946564885496,0.39285714285714285,0.13836477987421383,28.0,BEHÖRDE,4,0.5,English,v1,Large,,4
0.07633587786259542,0.3225806451612903,0.12345679012345678,31.0,BEHÖRDE,4,0.6,English,v1,Large,,5
0.03816793893129771,0.45454545454545453,0.07042253521126761,11.0,BEHÖRDE,4,0.7,English,v1,Large,,6
0.05343511450381679,0.4666666666666667,0.09589041095890412,15.0,BEHÖRDE,4,0.8,English,v1,Large,,7
0.0916030534351145,0.3870967741935484,0.14814814814814814,31.0,BEHÖRDE,4,0.9,English,v1,Large,,8
0.05343511450381679,0.5,0.09655172413793103,14.0,BEHÖRDE,4,1.0,English,v1,Large,,9
0.04580152671755725,0.46153846153846156,0.08333333333333334,13.0,BEHÖRDE,4,1.1,English,v1,Large,,10
0.030534351145038167,0.2222222222222222,0.053691275167785234,18.0,BEHÖRDE,4,1.2,English,v1,Large,,11
0.03816793893129771,0.35714285714285715,0.06896551724137931,14.0,BEHÖRDE,4,1.3,English,v1,Large,,12
0.04580152671755725,0.42857142857142855,0.08275862068965517,14.0,BEHÖRDE,4,1.4,English,v1,Large,,13
0.030534351145038167,0.3076923076923077,0.05555555555555555,13.0,BEHÖRDE,4,1.5,English,v1,Large,,14
0.04580152671755725,0.46153846153846156,0.08333333333333334,13.0,BEHÖRDE,4,1.6,English,v1,Large,,15
0.061068702290076333,0.36363636363636365,0.1045751633986928,22.0,BEHÖRDE,4,1.7,English,v1,Large,,16
0.04580152671755725,0.42857142857142855,0.08275862068965517,14.0,BEHÖRDE,4,1.8,English,v1,Large,,17
0.04580152671755725,0.42857142857142855,0.08275862068965517,14.0,BEHÖRDE,4,1.9,English,v1,Large,,18
0.04580152671755725,0.42857142857142855,0.08275862068965517,14.0,BEHÖRDE,4,2.0,English,v1,Large,,19
0.04580152671755725,0.42857142857142855,0.08275862068965517,14.0,BEHÖRDE,4,2.1,English,v1,Large,,20
0.04580152671755725,0.4,0.0821917808219178,15.0,BEHÖRDE,4,2.2,English,v1,Large,,21
0.04580152671755725,0.4,0.0821917808219178,15.0,BEHÖRDE,4,2.3,English,v1,Large,,22
0.04580152671755725,0.42857142857142855,0.08275862068965517,14.0,BEHÖRDE,4,2.4,English,v1,Large,,23
0.061068702290076333,0.34782608695652173,0.10389610389610389,23.0,BEHÖRDE,4,2.5,English,v1,Large,,24
0.05343511450381679,0.3888888888888889,0.09395973154362415,18.0,BEHÖRDE,4,2.6,English,v1,Large,,25
0.04580152671755725,0.375,0.08163265306122448,16.0,BEHÖRDE,4,2.7,English,v1,Large,,26
0.04580152671755725,0.42857142857142855,0.08275862068965517,14.0,BEHÖRDE,4,2.8,English,v1,Large,,27
0.04580152671755725,0.42857142857142855,0.08275862068965517,14.0,BEHÖRDE,4,2.9,English,v1,Large,,28
0.04580152671755725,0.42857142857142855,0.08275862068965517,14.0,BEHÖRDE,4,3.0,English,v1,Large,,29
0.04580152671755725,0.42857142857142855,0.08275862068965517,14.0,BEHÖRDE,4,3.1,English,v1,Large,,30
0.04580152671755725,0.4,0.0821917808219178,15.0,BEHÖRDE,4,3.2,English,v1,Large,,31
0.061068702290076333,0.3333333333333333,0.1032258064516129,24.0,BEHÖRDE,4,3.3,English,v1,Large,,32
0.05343511450381679,0.4117647058823529,0.0945945945945946,17.0,BEHÖRDE,4,3.4,English,v1,Large,,33
0.05343511450381679,0.4117647058823529,0.0945945945945946,17.0,BEHÖRDE,4,3.5,English,v1,Large,,34
0.05343511450381679,0.4117647058823529,0.0945945945945946,17.0,BEHÖRDE,4,3.6,English,v1,Large,,35
0.04580152671755725,0.375,0.08163265306122448,16.0,BEHÖRDE,4,3.7,English,v1,Large,,36
0.04580152671755725,0.375,0.08163265306122448,16.0,BEHÖRDE,4,3.8,English,v1,Large,,37
0.04580152671755725,0.375,0.08163265306122448,16.0,BEHÖRDE,4,3.9,English,v1,Large,,38
0.04580152671755725,0.375,0.08163265306122448,16.0,BEHÖRDE,4,4.0,English,v1,Large,,39
0.0,0.0,0.0,6.0,JOURNALIST,4,0.1,English,v1,Large,,0
0.0,0.0,0.0,1.0,JOURNALIST,4,0.2,English,v1,Large,,1
0.0,0.0,0.0,4.0,JOURNALIST,4,0.3,English,v1,Large,,2
0.0,0.0,0.0,1.0,JOURNALIST,4,0.4,English,v1,Large,,3
0.0,0.0,0.0,1.0,JOURNALIST,4,0.5,English,v1,Large,,4
0.0,0.0,0.0,1.0,JOURNALIST,4,0.6,English,v1,Large,,5
0.0,0.0,0.0,1.0,JOURNALIST,4,0.7,English,v1,Large,,6
0.0,0.0,0.0,2.0,JOURNALIST,4,0.8,English,v1,Large,,7
0.0,0.0,0.0,2.0,JOURNALIST,4,0.9,English,v1,Large,,8
0.0,0.0,0.0,2.0,JOURNALIST,4,1.0,English,v1,Large,,9
0.0,0.0,0.0,4.0,JOURNALIST,4,1.1,English,v1,Large,,10
0.0,0.0,0.0,3.0,JOURNALIST,4,1.2,English,v1,Large,,11
0.0,0.0,0.0,3.0,JOURNALIST,4,1.3,English,v1,Large,,12
0.0,0.0,0.0,2.0,JOURNALIST,4,1.4,English,v1,Large,,13
0.0,0.0,0.0,1.0,JOURNALIST,4,1.5,English,v1,Large,,14
0.0,0.0,0.0,4.0,JOURNALIST,4,1.6,English,v1,Large,,15
0.0,0.0,0.0,2.0,JOURNALIST,4,1.7,English,v1,Large,,16
0.0,0.0,0.0,2.0,JOURNALIST,4,1.8,English,v1,Large,,17
0.0,0.0,0.0,3.0,JOURNALIST,4,1.9,English,v1,Large,,18
0.0,0.0,0.0,2.0,JOURNALIST,4,2.0,English,v1,Large,,19
0.0,0.0,0.0,2.0,JOURNALIST,4,2.1,English,v1,Large,,20
0.0,0.0,0.0,2.0,JOURNALIST,4,2.2,English,v1,Large,,21
0.0,0.0,0.0,2.0,JOURNALIST,4,2.3,English,v1,Large,,22
0.0,0.0,0.0,3.0,JOURNALIST,4,2.4,English,v1,Large,,23
0.0,0.0,0.0,2.0,JOURNALIST,4,2.5,English,v1,Large,,24
0.0,0.0,0.0,2.0,JOURNALIST,4,2.6,English,v1,Large,,25
0.0,0.0,0.0,2.0,JOURNALIST,4,2.7,English,v1,Large,,26
0.0,0.0,0.0,2.0,JOURNALIST,4,2.8,English,v1,Large,,27
0.0,0.0,0.0,2.0,JOURNALIST,4,2.9,English,v1,Large,,28
0.0,0.0,0.0,2.0,JOURNALIST,4,3.0,English,v1,Large,,29
0.0,0.0,0.0,2.0,JOURNALIST,4,3.1,English,v1,Large,,30
0.0,0.0,0.0,4.0,JOURNALIST,4,3.2,English,v1,Large,,31
0.0,0.0,0.0,2.0,JOURNALIST,4,3.3,English,v1,Large,,32
0.0,0.0,0.0,2.0,JOURNALIST,4,3.4,English,v1,Large,,33
0.0,0.0,0.0,2.0,JOURNALIST,4,3.5,English,v1,Large,,34
0.0,0.0,0.0,2.0,JOURNALIST,4,3.6,English,v1,Large,,35
0.0,0.0,0.0,2.0,JOURNALIST,4,3.7,English,v1,Large,,36
0.0,0.0,0.0,2.0,JOURNALIST,4,3.8,English,v1,Large,,37
0.0,0.0,0.0,2.0,JOURNALIST,4,3.9,English,v1,Large,,38
0.0,0.0,0.0,4.0,MEDIEN,4,0.1,English,v1,Large,,0
0.0,0.0,0.0,3.0,MEDIEN,4,0.2,English,v1,Large,,1
0.0,0.0,0.0,3.0,MEDIEN,4,0.3,English,v1,Large,,2
0.0,0.0,0.0,3.0,MEDIEN,4,0.4,English,v1,Large,,3
0.0,0.0,0.0,3.0,MEDIEN,4,0.5,English,v1,Large,,4
0.3333333333333333,0.3333333333333333,0.3333333333333333,3.0,MEDIEN,4,0.6,English,v1,Large,,5
0.0,0.0,0.0,3.0,MEDIEN,4,0.7,English,v1,Large,,6
0.0,0.0,0.0,3.0,MEDIEN,4,0.8,English,v1,Large,,7
0.3333333333333333,0.2,0.25,5.0,MEDIEN,4,0.9,English,v1,Large,,8
0.0,0.0,0.0,3.0,MEDIEN,4,1.0,English,v1,Large,,9
0.0,0.0,0.0,3.0,MEDIEN,4,1.1,English,v1,Large,,10
0.3333333333333333,0.25,0.28571428571428575,4.0,MEDIEN,4,1.2,English,v1,Large,,11
0.0,0.0,0.0,3.0,MEDIEN,4,1.3,English,v1,Large,,12
0.0,0.0,0.0,3.0,MEDIEN,4,1.4,English,v1,Large,,13
0.0,0.0,0.0,3.0,MEDIEN,4,1.5,English,v1,Large,,14
0.0,0.0,0.0,3.0,MEDIEN,4,1.6,English,v1,Large,,15
0.0,0.0,0.0,3.0,MEDIEN,4,1.7,English,v1,Large,,16
0.0,0.0,0.0,3.0,MEDIEN,4,1.8,English,v1,Large,,17
0.0,0.0,0.0,3.0,MEDIEN,4,1.9,English,v1,Large,,18
0.0,0.0,0.0,3.0,MEDIEN,4,2.0,English,v1,Large,,19
0.0,0.0,0.0,3.0,MEDIEN,4,2.1,English,v1,Large,,20
0.0,0.0,0.0,3.0,MEDIEN,4,2.2,English,v1,Large,,21
0.0,0.0,0.0,3.0,MEDIEN,4,2.3,English,v1,Large,,22
0.0,0.0,0.0,3.0,MEDIEN,4,2.4,English,v1,Large,,23
0.0,0.0,0.0,3.0,MEDIEN,4,2.5,English,v1,Large,,24
0.0,0.0,0.0,3.0,MEDIEN,4,2.6,English,v1,Large,,25
0.0,0.0,0.0,3.0,MEDIEN,4,2.7,English,v1,Large,,26
0.0,0.0,0.0,3.0,MEDIEN,4,2.8,English,v1,Large,,27
0.0,0.0,0.0,3.0,MEDIEN,4,2.9,English,v1,Large,,28
0.0,0.0,0.0,3.0,MEDIEN,4,3.0,English,v1,Large,,29
0.0,0.0,0.0,3.0,MEDIEN,4,3.1,English,v1,Large,,30
0.0,0.0,0.0,3.0,MEDIEN,4,3.2,English,v1,Large,,31
0.0,0.0,0.0,3.0,MEDIEN,4,3.3,English,v1,Large,,32
0.0,0.0,0.0,3.0,MEDIEN,4,3.4,English,v1,Large,,33
0.0,0.0,0.0,3.0,MEDIEN,4,3.5,English,v1,Large,,34
0.0,0.0,0.0,3.0,MEDIEN,4,3.6,English,v1,Large,,35
0.0,0.0,0.0,3.0,MEDIEN,4,3.7,English,v1,Large,,36
0.0,0.0,0.0,3.0,MEDIEN,4,3.8,English,v1,Large,,37
0.0,0.0,0.0,3.0,MEDIEN,4,3.9,English,v1,Large,,38
0.0,0.0,0.0,3.0,MEDIEN,4,4.0,English,v1,Large,,39
0.4878048780487805,0.5,0.49382716049382713,40.0,PARTEI,4,0.1,English,v1,Large,,0
0.21951219512195122,0.4090909090909091,0.28571428571428575,22.0,PARTEI,4,0.2,English,v1,Large,,1
0.2926829268292683,0.6,0.39344262295081966,20.0,PARTEI,4,0.3,English,v1,Large,,2
0.2926829268292683,0.5,0.3692307692307692,24.0,PARTEI,4,0.4,English,v1,Large,,3
0.1951219512195122,0.47058823529411764,0.27586206896551724,17.0,PARTEI,4,0.5,English,v1,Large,,4
0.34146341463414637,0.6086956521739131,0.4375,23.0,PARTEI,4,0.6,English,v1,Large,,5
0.21951219512195122,0.5,0.3050847457627119,18.0,PARTEI,4,0.7,English,v1,Large,,6
0.21951219512195122,0.6,0.32142857142857145,15.0,PARTEI,4,0.8,English,v1,Large,,7
0.6341463414634146,0.5909090909090909,0.611764705882353,44.0,PARTEI,4,0.9,English,v1,Large,,8
0.21951219512195122,0.5,0.3050847457627119,18.0,PARTEI,4,1.0,English,v1,Large,,9
0.2926829268292683,0.6,0.39344262295081966,20.0,PARTEI,4,1.1,English,v1,Large,,10
0.4146341463414634,0.4594594594594595,0.4358974358974359,37.0,PARTEI,4,1.2,English,v1,Large,,11
0.24390243902439024,0.625,0.3508771929824561,16.0,PARTEI,4,1.3,English,v1,Large,,12
0.2682926829268293,0.6470588235294118,0.3793103448275862,17.0,PARTEI,4,1.4,English,v1,Large,,13
0.2682926829268293,0.9166666666666666,0.4150943396226415,12.0,PARTEI,4,1.5,English,v1,Large,,14
0.2682926829268293,0.9166666666666666,0.4150943396226415,12.0,PARTEI,4,1.6,English,v1,Large,,15
0.4146341463414634,0.53125,0.4657534246575343,32.0,PARTEI,4,1.7,English,v1,Large,,16
0.2682926829268293,0.7333333333333333,0.3928571428571429,15.0,PARTEI,4,1.8,English,v1,Large,,17
0.2682926829268293,0.7333333333333333,0.3928571428571429,15.0,PARTEI,4,1.9,English,v1,Large,,18
0.2682926829268293,0.6470588235294118,0.3793103448275862,17.0,PARTEI,4,2.0,English,v1,Large,,19
0.2682926829268293,0.7857142857142857,0.39999999999999997,14.0,PARTEI,4,2.1,English,v1,Large,,20
0.2682926829268293,0.6111111111111112,0.37288135593220345,18.0,PARTEI,4,2.2,English,v1,Large,,21
0.24390243902439024,0.7692307692307693,0.37037037037037035,13.0,PARTEI,4,2.3,English,v1,Large,,22
0.2682926829268293,0.7333333333333333,0.3928571428571429,15.0,PARTEI,4,2.4,English,v1,Large,,23
0.43902439024390244,0.5294117647058824,0.48,34.0,PARTEI,4,2.5,English,v1,Large,,24
0.34146341463414637,0.5384615384615384,0.41791044776119407,26.0,PARTEI,4,2.6,English,v1,Large,,25
0.2926829268292683,0.6,0.39344262295081966,20.0,PARTEI,4,2.7,English,v1,Large,,26
0.2682926829268293,0.5789473684210527,0.36666666666666664,19.0,PARTEI,4,2.8,English,v1,Large,,27
0.2682926829268293,0.5789473684210527,0.36666666666666664,19.0,PARTEI,4,2.9,English,v1,Large,,28
0.2682926829268293,0.6111111111111112,0.37288135593220345,18.0,PARTEI,4,3.0,English,v1,Large,,29
0.2682926829268293,0.6470588235294118,0.3793103448275862,17.0,PARTEI,4,3.1,English,v1,Large,,30
0.2682926829268293,0.6470588235294118,0.3793103448275862,17.0,PARTEI,4,3.2,English,v1,Large,,31
0.43902439024390244,0.5454545454545454,0.48648648648648646,33.0,PARTEI,4,3.3,English,v1,Large,,32
0.34146341463414637,0.5185185185185185,0.411764705882353,27.0,PARTEI,4,3.4,English,v1,Large,,33
0.34146341463414637,0.5185185185185185,0.411764705882353,27.0,PARTEI,4,3.5,English,v1,Large,,34
0.34146341463414637,0.5384615384615384,0.41791044776119407,26.0,PARTEI,4,3.6,English,v1,Large,,35
0.34146341463414637,0.5384615384615384,0.41791044776119407,26.0,PARTEI,4,3.7,English,v1,Large,,36
0.34146341463414637,0.56,0.42424242424242425,25.0,PARTEI,4,3.8,English,v1,Large,,37
0.3170731707317073,0.52,0.3939393939393939,25.0,PARTEI,4,3.9,English,v1,Large,,38
0.3170731707317073,0.52,0.3939393939393939,25.0,PARTEI,4,4.0,English,v1,Large,,39
0.14046822742474915,0.4077669902912621,0.208955223880597,103.0,POLITIKER,4,0.1,English,v1,Large,,0
0.09698996655518395,0.3670886075949367,0.15343915343915346,79.0,POLITIKER,4,0.2,English,v1,Large,,1
0.05016722408026756,0.28846153846153844,0.08547008547008546,52.0,POLITIKER,4,0.3,English,v1,Large,,2
0.13043478260869565,0.46987951807228917,0.20418848167539266,83.0,POLITIKER,4,0.4,English,v1,Large,,3
0.06020066889632107,0.391304347826087,0.10434782608695652,46.0,POLITIKER,4,0.5,English,v1,Large,,4
0.12040133779264214,0.4235294117647059,0.1875,85.0,POLITIKER,4,0.6,English,v1,Large,,5
0.05351170568561873,0.36363636363636365,0.09329446064139942,44.0,POLITIKER,4,0.7,English,v1,Large,,6
0.11036789297658862,0.55,0.18384401114206128,60.0,POLITIKER,4,0.8,English,v1,Large,,7
0.13377926421404682,0.39215686274509803,0.19950124688279303,102.0,POLITIKER,4,0.9,English,v1,Large,,8
0.13377926421404682,0.5333333333333333,0.21390374331550802,75.0,POLITIKER,4,1.0,English,v1,Large,,9
0.12709030100334448,0.5671641791044776,0.2076502732240437,67.0,POLITIKER,4,1.1,English,v1,Large,,10
0.17391304347826086,0.49523809523809526,0.25742574257425743,105.0,POLITIKER,4,1.2,English,v1,Large,,11
0.13043478260869565,0.4936708860759494,0.20634920634920634,79.0,POLITIKER,4,1.3,English,v1,Large,,12
0.12040133779264214,0.5538461538461539,0.1978021978021978,65.0,POLITIKER,4,1.4,English,v1,Large,,13
0.13043478260869565,0.582089552238806,0.21311475409836064,67.0,POLITIKER,4,1.5,English,v1,Large,,14
0.11705685618729098,0.660377358490566,0.19886363636363635,53.0,POLITIKER,4,1.6,English,v1,Large,,15
0.1605351170568562,0.47058823529411764,0.23940149625935161,102.0,POLITIKER,4,1.7,English,v1,Large,,16
0.11371237458193979,0.6666666666666666,0.19428571428571426,51.0,POLITIKER,4,1.8,English,v1,Large,,17
0.12709030100334448,0.7169811320754716,0.2159090909090909,53.0,POLITIKER,4,1.9,English,v1,Large,,18
0.12709030100334448,0.6551724137931034,0.21288515406162464,58.0,POLITIKER,4,2.0,English,v1,Large,,19
0.13043478260869565,0.6964285714285714,0.21971830985915491,56.0,POLITIKER,4,2.1,English,v1,Large,,20
0.12709030100334448,0.6129032258064516,0.21052631578947367,62.0,POLITIKER,4,2.2,English,v1,Large,,21
0.12709030100334448,0.7037037037037037,0.21529745042492918,54.0,POLITIKER,4,2.3,English,v1,Large,,22
0.12709030100334448,0.6785714285714286,0.2140845070422535,56.0,POLITIKER,4,2.4,English,v1,Large,,23
0.16387959866220736,0.5157894736842106,0.2487309644670051,95.0,POLITIKER,4,2.5,English,v1,Large,,24
0.13043478260869565,0.5909090909090909,0.21369863013698628,66.0,POLITIKER,4,2.6,English,v1,Large,,25
0.12709030100334448,0.6333333333333333,0.2116991643454039,60.0,POLITIKER,4,2.7,English,v1,Large,,26
0.12709030100334448,0.6440677966101694,0.21229050279329606,59.0,POLITIKER,4,2.8,English,v1,Large,,27
0.12709030100334448,0.6785714285714286,0.2140845070422535,56.0,POLITIKER,4,2.9,English,v1,Large,,28
0.12709030100334448,0.6666666666666666,0.2134831460674157,57.0,POLITIKER,4,3.0,English,v1,Large,,29
0.12709030100334448,0.6666666666666666,0.2134831460674157,57.0,POLITIKER,4,3.1,English,v1,Large,,30
0.12709030100334448,0.6666666666666666,0.2134831460674157,57.0,POLITIKER,4,3.2,English,v1,Large,,31
0.16387959866220736,0.5157894736842106,0.2487309644670051,95.0,POLITIKER,4,3.3,English,v1,Large,,32
0.12709030100334448,0.5757575757575758,0.20821917808219179,66.0,POLITIKER,4,3.4,English,v1,Large,,33
0.12709030100334448,0.5757575757575758,0.20821917808219179,66.0,POLITIKER,4,3.5,English,v1,Large,,34
0.12709030100334448,0.5757575757575758,0.20821917808219179,66.0,POLITIKER,4,3.6,English,v1,Large,,35
0.12709030100334448,0.5846153846153846,0.20879120879120877,65.0,POLITIKER,4,3.7,English,v1,Large,,36
0.12709030100334448,0.5846153846153846,0.20879120879120877,65.0,POLITIKER,4,3.8,English,v1,Large,,37
0.12709030100334448,0.59375,0.209366391184573,64.0,POLITIKER,4,3.9,English,v1,Large,,38
0.12709030100334448,0.59375,0.209366391184573,64.0,POLITIKER,4,4.0,English,v1,Large,,39
0.14978902953586498,0.3817204301075269,0.21515151515151518,,OVERALL,4,0.1,English,v1,Large,0.9289371605896043,0
0.10970464135021098,0.35374149659863946,0.1674718196457327,,OVERALL,4,0.2,English,v1,Large,0.9252909231962761,1
0.08649789029535865,0.3445378151260504,0.13827993254637436,,OVERALL,4,0.3,English,v1,Large,0.9224980605120249,2
0.12447257383966245,0.43703703703703706,0.19376026272577998,,OVERALL,4,0.4,English,v1,Large,0.9256012412723041,3
0.07805907172995781,0.3894736842105263,0.13005272407732865,,OVERALL,4,0.5,English,v1,Large,0.9198603568657875,4
0.12869198312236288,0.42657342657342656,0.19773095623987036,,OVERALL,4,0.6,English,v1,Large,0.9249030256012413,5
0.06329113924050633,0.38961038961038963,0.10889292196007261,,OVERALL,4,0.7,English,v1,Large,0.9190845616757176,6
0.10337552742616034,0.5212765957446809,0.17253521126760563,,OVERALL,4,0.8,English,v1,Large,0.921722265321955,7
0.16666666666666666,0.42934782608695654,0.24012158054711247,,OVERALL,4,0.9,English,v1,Large,0.9308766485647789,8
0.11814345991561181,0.5,0.19112627986348124,,OVERALL,4,1.0,English,v1,Large,0.9231962761830876,9
0.11814345991561181,0.5333333333333333,0.19343696027633853,,OVERALL,4,1.1,English,v1,Large,0.9221101629169899,10
0.15611814345991562,0.44047619047619047,0.23052959501557635,,OVERALL,4,1.2,English,v1,Large,0.9284716834755624,11
0.11392405063291139,0.46956521739130436,0.1833616298811545,,OVERALL,4,1.3,English,v1,Large,0.921955003878976,12
0.11181434599156118,0.5196078431372549,0.1840277777777778,,OVERALL,4,1.4,English,v1,Large,0.9212567882079131,13
0.11392405063291139,0.5567010309278351,0.18914185639229425,,OVERALL,4,1.5,English,v1,Large,0.9209464701318851,14
0.10970464135021098,0.6341463414634146,0.18705035971223022,,OVERALL,4,1.6,English,v1,Large,0.9210240496508921,15
0.1540084388185654,0.44785276073619634,0.2291993720565149,,OVERALL,4,1.7,English,v1,Large,0.9269200930954228,16
0.10759493670886076,0.6,0.18246869409660108,,OVERALL,4,1.8,English,v1,Large,0.9206361520558572,17
0.1160337552742616,0.632183908045977,0.196078431372549,,OVERALL,4,1.9,English,v1,Large,0.9213343677269201,18
0.1160337552742616,0.5789473684210527,0.19332161687170474,,OVERALL,4,2.0,English,v1,Large,0.9213343677269201,19
0.11814345991561181,0.6292134831460674,0.1989342806394316,,OVERALL,4,2.1,English,v1,Large,0.9211016291698991,20
0.1160337552742616,0.55,0.19163763066202089,,OVERALL,4,2.2,English,v1,Large,0.9212567882079131,21
0.11392405063291139,0.6206896551724138,0.19251336898395718,,OVERALL,4,2.3,English,v1,Large,0.9208688906128782,22
0.1160337552742616,0.6111111111111112,0.1950354609929078,,OVERALL,4,2.4,English,v1,Large,0.9207913110938712,23
0.15822784810126583,0.47468354430379744,0.23734177215189872,,OVERALL,4,2.5,English,v1,Large,0.925989138867339,24
0.12658227848101267,0.5217391304347826,0.2037351443123939,,OVERALL,4,2.6,English,v1,Large,0.9228859581070598,25
0.11814345991561181,0.5544554455445545,0.1947826086956522,,OVERALL,4,2.7,English,v1,Large,0.921567106283941,26
0.1160337552742616,0.5670103092783505,0.19264448336252188,,OVERALL,4,2.8,English,v1,Large,0.9212567882079131,27
0.1160337552742616,0.5851063829787234,0.1936619718309859,,OVERALL,4,2.9,English,v1,Large,0.9212567882079131,28
0.1160337552742616,0.5851063829787234,0.1936619718309859,,OVERALL,4,3.0,English,v1,Large,0.9211792086889061,29
0.1160337552742616,0.5913978494623656,0.19400352733686066,,OVERALL,4,3.1,English,v1,Large,0.9211016291698991,30
0.1160337552742616,0.5851063829787234,0.1936619718309859,,OVERALL,4,3.2,English,v1,Large,0.9208688906128782,31
0.15822784810126583,0.4716981132075472,0.23696682464454977,,OVERALL,4,3.3,English,v1,Large,0.9269200930954228,32
0.12447257383966245,0.5130434782608696,0.200339558573854,,OVERALL,4,3.4,English,v1,Large,0.9227307990690458,33
0.12447257383966245,0.5130434782608696,0.200339558573854,,OVERALL,4,3.5,English,v1,Large,0.9227307990690458,34
0.12447257383966245,0.5175438596491229,0.20068027210884354,,OVERALL,4,3.6,English,v1,Large,0.9227307990690458,35
0.12236286919831224,0.5178571428571429,0.19795221843003413,,OVERALL,4,3.7,English,v1,Large,0.9227307990690458,36
0.12236286919831224,0.5225225225225225,0.19829059829059825,,OVERALL,4,3.8,English,v1,Large,0.9226532195500388,37
0.12025316455696203,0.5181818181818182,0.19520547945205483,,OVERALL,4,3.9,English,v1,Large,0.9225756400310318,38
0.12025316455696203,0.5181818181818182,0.19520547945205483,,OVERALL,4,4.0,English,v1,Large,0.9225756400310318,39
